tag,species,date,time,Study Site,habitat,rmiles,Stage.m,temp.field,TempC,depth,kph,mps,LatDD,LongDD,FL
48386,Pallid,1/19/2012,16:02,CP,1,558,5.7,7.3,8.3,14.1,4.1,1.1,33.57113,-91.17967,681
54703,Pallid,1/19/2012,16:02,CP,1,558,5.7,7.3,8.3,14.1,4.1,1.1,33.57113,-91.17967,778
65260,Pallid,1/19/2012,15:45,CP,7,558,5.7,7.2,8.3,14.3,3.5,1.0,33.57214,-91.17404,735
10211,Pallid,1/19/2012,15:00,CP,1,564,5.7,7.1,8.3,19.8,5,1.4,33.63945,-91.15552,853
54697,Pallid,1/19/2012,14:25,CP,1,565,5.7,7.1,8.3,16.5,3.7,1.0,33.64833,-91.16855,692
65250,Pallid,1/20/2012,12:22,CP,1,555,5.8,7.4,8.3,25.2,,,33.56551,-91.23127,745
34959,Pallid,1/22/2012,9:01,TV,3,462,6.7,7.7,8.3,14,2.7,0.8,32.5621,-91.11233,783
63417,Pallid,1/22/2012,9:37,TV,3,462,6.7,7.7,8.3,7,3,0.8,32.56083,-91.11136,723
34919,Pallid,1/22/2012,8:34,TV,3,463,6.7,7.6,8.3,8.5,4.03,1.1,32.58001,-91.11578,820
34892,Pallid,1/22/2012,16:20,TV,3,450,6.7,7.9,8.3,4.5,2.48,0.7,32.43985,-91.04277,847
34891,Pallid,1/22/2012,15:31,TV,2,452,6.7,7.8,8.3,4.8,2.62,0.7,32.44515,-91.0652,921
45193,Pallid,1/22/2012,15:47,TV,3,452,6.7,8.1,8.3,2.5,2.02,0.6,32.44349,-91.05736,773
46956,Pallid,1/22/2012,13:12,TV,1,455,6.7,7.7,8.3,12.1,0.72,0.2,32.48896,-91.11166,678
48392,Pallid,1/22/2012,14:51,TV,5,455,6.7,7.7,8.3,,,,,,774
34908,Pallid,1/22/2012,14:16,TV,2,456,6.7,7.8,8.3,7.8,4.5,1.3,32.4754,-91.10614,722
34887,Pallid,1/22/2012,12:42,TV,1,457,6.7,7.7,8.3,21.9,4.3,1.2,32.4889,-91.1169,906
34896,Pallid,1/22/2012,11:48,TV,4,459,6.7,7.8,8.3,8.5,1.5,0.4,32.51423,-91.11105,696
34962,Pallid,1/22/2012,11:42,TV,4,459,6.7,7.8,8.3,6.6,2.4,0.7,32.51731,-91.10959,860
34894,Pallid,1/22/2012,9:14,TV,4,462,6.7,7.6,8.3,11.2,2.88,0.8,32.56019,-91.0973,721
34909,Pallid,1/22/2012,9:20,TV,3,462,6.7,7.7,8.3,7,3.8,1.1,32.56073,-91.11094,697
45187,Pallid,3/3/2012,15:54,TV,3,448,5.6,11.4,11.7,17.5,4.68,1.3,32.42601,-91.0067,751
34892,Pallid,3/3/2012,14:22,TV,3,449,5.6,11,11.7,4.2,3.2,0.9,32.43776,-91.03559,847
45193,Pallid,3/3/2012,15:21,TV,3,449,5.6,11.1,11.7,7.5,,,32.43459,-91.02288,773
48392,Pallid,3/3/2012,15:25,TV,3,449,5.6,11,11.7,8.8,,0.0,32.43464,-91.02306,774
34891,Pallid,3/3/2012,12:56,TV,1,452,5.6,11.5,11.7,19.6,6.16,1.7,32.44449,-91.07711,921
34962,Pallid,3/3/2012,12:07,TV,2,455,5.6,10.9,11.7,8.5,3.64,1.0,32.4731,-91.1057,860
34887,Pallid,3/3/2012,11:26,TV,1,457,5.6,11.3,11.7,17.5,4.25,1.2,32.48312,-91.1133,906
34908,Pallid,3/3/2012,11:55,TV,1,457,5.6,11.3,11.7,26.4,4.07,1.1,32.47551,-91.11331,722
34959,Pallid,3/3/2012,11:08,TV,1,457,5.6,11.4,11.7,21.2,5.9,1.6,32.49381,-91.1144,783
46956,Pallid,3/3/2012,11:30,TV,1,457,5.6,11,11.7,15,3.2,0.9,32.48655,-91.11317,678
54701,Pallid,3/3/2012,11:53,TV,1,457,5.6,11.4,11.7,28.4,4.07,1.1,32.47497,-91.11289,822
34894,Pallid,3/3/2012,10:11,TV,5,462,5.6,11,11.7,12.2,4.75,1.3,32.55647,-91.09896,721
45186,Pallid,3/3/2012,10:35,TV,2,460,5.6,11.3,11.7,3.9,3.6,1.0,32.52978,-91.10232,683
34893,Pallid,3/3/2012,9:28,TV,5,462,5.6,11.2,11.7,9.6,3.6,1.0,32.56834,-91.10578,867
34895,Pallid,3/3/2012,9:40,TV,3,462,5.6,11.2,11.7,3.1,4.3,1.2,32.55894,-91.11214,892
34909,Pallid,3/3/2012,13:26,TV,5,462,5.6,11.2,11.7,10.1,3.6,1.0,32.56803,-91.10369,697
34232,Pallid,3/4/2012,13:29,TV,3,433,5.6,11.7,11.7,7.3,1.54,0.4,32.28631,-90.94614,722
34924,Pallid,3/4/2012,11:03,TV,5,438,5.6,11.4,11.7,10.9,5.58,1.6,32.33556,-90.91461,791
45196,Pallid,3/4/2012,9:15,TV,1,442,5.6,10.8,11.7,12.2,4.39,1.2,32.34897,-90.96568,728
34909,Pallid,3/4/2012,8:06,TV,5,447,5.6,11,11.7,2.7,1.87,0.5,32.40043,-90.99528,697
54697,Pallid,3/27/2012,19:04,CP,7,558,8.9,18,17.2,9.8,3.24,0.9,33.57556,-91.16734,692
48386,Pallid,3/27/2012,18:51,CP,2,559,8.9,17.9,17.2,11.3,5.43,1.5,33.5754,-91.16216,681
54695,Pallid,3/28/2012,12:47,CP,4,556,8.8,18.8,17.2,15.9,3.74,1.0,33.57374,-91.1907,830
10210,Pallid,3/28/2012,12:33,CP,4,557,8.8,18.6,17.2,7.4,0.83,0.2,33.57502,-91.19471,739
65260,Pallid,3/28/2012,12:14,CP,2,557,8.8,18.5,17.2,8.2,3.02,0.8,33.57325,-91.18759,735
65250,Pallid,3/28/2012,13:05,CP,1,558,8.8,17.6,17.2,12.5,5.83,1.6,33.57173,-91.16881,745
10224,Pallid,3/28/2012,10:32,CP,6,561,8.8,18.4,17.2,16.7,5.76,1.6,33.60345,-91.16489,761
45196,Pallid,4/13/2012,8:46,TV,3,465,6.9,19.1,21.1,9.4,2.23,0.6,32.59281,-91.12937,728
34892,Pallid,4/13/2012,9:18,TV,4,462,6.9,19.9,21.1,10.9,3.35,0.9,32.5783,-91.11349,847
54701,Pallid,4/13/2012,10:44,TV,6,460,6.9,20,21.1,9.1,2.05,0.6,32.53074,-91.10963,822
34904,Pallid,4/13/2012,12:18,TV,1,457,6.9,19.6,21.1,19.9,0,0.0,32.49942,-91.11121,688
34896,Pallid,4/13/2012,10:46,TV,6,460,6.9,20,21.1,9.3,2.05,0.6,32.53074,-91.10963,696
63417,Pallid,4/13/2012,11:48,TV,1,459,6.9,20.1,21.1,26.9,4.21,1.2,32.50631,-91.11392,723
34908,Pallid,4/13/2012,13:08,TV,1,456,6.9,20.2,21.1,17.2,4.64,1.3,32.47987,-91.112,722
34909,Pallid,4/13/2012,12:46,TV,1,457,6.9,19.8,21.1,9.8,1.19,0.3,32.49151,-91.11131,697
34894,Pallid,4/13/2012,14:05,TV,4,454,6.9,19.8,21.1,12.4,3.56,1.0,32.45851,-91.09032,721
34959,Pallid,4/13/2012,14:40,TV,1,452,6.9,19.8,21.1,9.4,3.78,1.1,32.44147,-91.05847,783
45187,Pallid,4/13/2012,16:21,TV,3,448,6.9,20,21.1,10.4,1.4,0.4,32.43089,-91.011191,751
45193,Pallid,4/14/2012,8:56,TV,3,449,6.6,20,21.1,4,2.56,0.7,32.42525,-91.00214,773
10222,Pallid,4/22/2012,10:19,CP,4,575,4.5,18.6,20,11.7,1.84,0.5,33.72002,-91.15392,790
34259,Pallid,4/22/2012,12:41,CP,5,571,4.5,18.9,20,12.3,3.56,1.0,33.69618,-91.22457,813
34213,Pallid,4/22/2012,10:54,CP,5,574,4.5,18.6,20,19.6,4.18,1.2,33.70584,-91.15872,734
54697,Pallid,4/22/2012,13:38,CP,1,566,4.5,18.7,20,14,5.22,1.5,33.65115,-91.17281,692
10201,Pallid,4/22/2012,16:00,CP,4,556,4.5,19.6,20,10.2,2.81,0.8,33.57329,-91.21596,725
34213,Pallid,5/17/2012,14:18,CP,5,574,6.6,23.5,22.8,6.9,2.7,0.8,33.70541,-91.15809,734
10222,Pallid,5/17/2012,15:08,CP,1,573,6.6,23.7,22.8,25.2,5.98,1.7,33.70119,-91.19297,790
54692,Pallid,5/17/2012,15:06,CP,1,573,6.6,23.7,22.8,25.8,5.98,1.7,33.70119,-91.19297,756
54697,Pallid,5/17/2012,16:45,CP,5,565,6.6,23.7,22.8,17,5,1.4,33.65142,-91.17228,692
48386,Pallid,5/17/2012,18:34,CP,6,560,6.6,23.7,22.8,6.3,3.64,1.0,33.5928,-91.16329,681
34228,Pallid,5/17/2012,12:55,CP,1,580,6.6,23.9,22.8,20.2,6.26,1.7,33.76284,-91.13059,710
34940,Pallid,5/17/2012,14:01,CP,4,575,6.6,23.5,22.8,12.3,5.15,1.4,33.7177,-91.15581,865
65256,Pallid,5/17/2012,16:13,CP,5,572,6.6,23.8,22.8,23.2,3.74,1.0,33.69985,-91.21591,723
34217,Pallid,5/17/2012,15:25,CP,4,572,6.6,24,22.8,17.3,4.1,1.1,33.7036,-91.20057,738
34259,Pallid,5/17/2012,16:39,CP,5,571,6.6,23.8,22.8,15.1,3.71,1.0,33.69545,-91.22515,813
10221,Pallid,5/17/2012,17:58,CP,3,564,6.6,22.3,22.8,13.2,4.75,1.3,33.63879,-91.16295,871
54695,Pallid,5/18/2012,7:03,CP,2,556,6.5,23.7,22.8,9.5,5.04,1.4,33.5714,-91.1976,830
10201,Pallid,5/18/2012,7:35,CP,1,555,6.5,23.5,22.8,23.7,4.5,1.3,33.56978,-91.22545,725
34887,Pallid,5/19/2012,17:12,TV,7,460,7.5,24,22.8,6.9,3.78,1.1,32.52408,-91.10417,906
34962,Pallid,5/19/2012,16:34,TV,4,463,7.5,23.5,22.8,11.6,4.28,1.2,32.57382,-91.10858,860
34908,Pallid,5/19/2012,18:23,TV,1,458,7.5,23.5,22.8,18.1,3.5,1.0,32.50048,-91.11117,722
34904,Pallid,5/19/2012,17:39,TV,6,460,7.5,24.4,22.8,6.4,1.12,0.3,32.53796,-91.10901,688
34896,Pallid,5/19/2012,18:02,TV,1,459,7.5,23.9,22.8,11.9,3.35,0.9,32.51879,-91.10676,696
45187,Pallid,5/20/2012,6:34,TV,1,454,7.3,23.9,22.8,11.6,4.86,1.4,32.46186,-91.09498,751
34909,Pallid,5/20/2012,7:46,TV,3,452,7.3,23.9,22.8,9.3,2.81,0.8,32.4414,-91.05044,697
63417,Pallid,5/20/2012,7:34,TV,3,452,7.3,23.3,22.8,2.3,2.2,0.6,32.4433,-91.05578,723
45193,Pallid,5/20/2012,8:09,TV,3,449,7.3,23.9,22.8,8.5,4.82,1.3,32.43293,-91.0218,773
34228,Pallid,6/6/2012,8:45,CP,5,578,2.2,26.6,26.1,17.9,5.36,1.5,33.761,-91.13386,710
10222,Pallid,6/6/2012,10:10,CP,2,572,2.2,26.4,26.1,11.3,2.59,0.7,33.7037,-91.19638,790
54692,Pallid,6/6/2012,10:34,CP,1,571,2.2,26.1,26.1,16.2,3.42,1.0,33.69928,-91.21526,756
34217,Pallid,6/6/2012,11:17,CP,3,571,2.2,25.4,26.1,7.2,4.6,1.3,33.69136,-91.22161,738
34940,Pallid,6/6/2012,13:01,CP,1,566,2.2,25.5,26.1,10.5,3.3,0.9,33.65301,-91.17613,865
34213,Pallid,6/6/2012,9:32,CP,1,575,2.2,25.3,26.1,15.8,4.2,1.2,33.70569,-91.15876,734
65250,Pallid,6/6/2012,10:58,CP,1,571,2.2,25.4,26.1,15.3,4,1.1,33.69541,-91.221,745
34259,Pallid,6/6/2012,11:33,CP,5,570,2.2,26.4,26.1,10.3,4.64,1.3,33.695,-91.22528,813
10208,Pallid,6/6/2012,13:01,CP,3,566,2.2,26.4,26.1,12.5,1.94,0.5,33.64777,-91.17918,721
54697,Pallid,6/6/2012,13:30,CP,1,566,2.2,26.3,26.1,10.7,3.85,1.1,33.64885,-91.17349,692
10221,Pallid,6/6/2012,13:55,CP,3,564,2.2,26.7,26.1,5.6,2.12,0.6,33.63774,-91.16217,871
10224,Pallid,6/6/2012,13:56,CP,1,563,2.2,25.5,26.1,16.2,3.9,1.1,33.64084,-91.15664,761
48386,Pallid,6/6/2012,16:06,CP,5,555,2.2,27.1,26.1,16.5,2.77,0.8,33.5715,-91.22145,681
34962,Pallid,6/14/2012,8:24,TV,3,466,2.8,26.2,26.7,5.3,4.4,1.2,32.59176,-91.13102,860
45186,Pallid,6/14/2012,11:07,TV,4,463,2.8,26.4,26.7,6.7,5.1,1.4,32.56852,-91.1037,683
48392,Pallid,6/14/2012,11:53,TV,3,462,2.8,26.6,26.7,5.5,0.9,0.3,32.56228,-91.11105,774
34904,Pallid,6/14/2012,11:11,TV,3,463,2.8,26.3,26.7,3.6,1.08,0.3,32.56419,-91.11245,688
34896,Pallid,6/14/2012,15:14,TV,1,458,2.8,26.3,26.7,24.1,3.13,0.9,32.50334,-91.11481,696
34887,Pallid,6/14/2012,14:05,TV,1,460,2.8,26.6,26.7,18.9,4.6,1.3,32.52713,-91.09793,906
46956,Pallid,6/14/2012,14:34,TV,5,458,2.8,26.6,26.7,16.3,1.3,0.4,32.50841,-91.10831,678
45187,Pallid,6/14/2012,16:46,TV,5,456,2.8,26.5,26.7,11.3,1.76,0.5,32.47621,-91.11516,751
34908,Pallid,6/14/2012,16:56,TV,1,456,2.8,26.7,26.7,11,3.6,1.0,32.47486,-91.10959,722
34894,Pallid,6/14/2012,17:19,TV,2,455,2.8,26.7,26.7,5.6,2.6,0.7,32.46813,-91.10106,721
34909,Pallid,6/14/2012,17:43,TV,1,455,2.8,26.7,26.7,12.7,3.7,1.0,32.46375,-91.09925,697
63417,Pallid,6/14/2012,18:16,TV,2,454,2.8,26.8,26.7,6,3.2,0.9,32.45188,-91.08186,723
34959,Pallid,6/14/2012,18:36,TV,2,452,2.8,26.7,26.7,7.9,3.25,0.9,32.4439,-91.06849,783
45193,Pallid,6/14/2012,19:11,TV,3,450,2.8,26.7,26.7,5.4,3.9,1.1,32.43413,-91.02853,773
34923,Pallid,6/15/2012,12:16,TV,3,440,2.7,26.6,26.7,8.4,0.68,0.2,32.34252,-90.94547,760
34908,Pallid,7/19/2012,7:36,TV,3,466,1.1,30.1,30,4.8,3.71,1.0,32.59583,-91.13948,722
34962,Pallid,7/19/2012,8:17,TV,1,465,1.1,30.5,30,7.7,4.6,1.3,32.58972,-91.13358,860
45186,Pallid,7/19/2012,9:11,TV,2,464,1.1,30.5,30,6,4.2,1.2,32.57343,-91.10868,683
34887,Pallid,7/19/2012,9:49,TV,2,460,1.1,29.9,30,7.6,2.92,0.8,32.52668,-91.10193,906
34896,Pallid,7/19/2012,10:11,TV,1,458,1.1,30.5,30,14.8,3.8,1.1,32.51385,-91.10832,696
45187,Pallid,7/19/2012,11:31,TV,1,457,1.1,30.6,30,15.9,3.1,0.9,32.48022,-91.11459,751
45193,Pallid,7/19/2012,11:35,TV,1,457,1.1,30.7,30,16.2,3.1,0.9,32.48006,-91.11449,773
46956,Pallid,7/19/2012,11:35,TV,1,457,1.1,30.7,30,15.7,3.1,0.9,32.48002,-91.11445,678
34959,Pallid,7/19/2012,11:48,TV,1,456,1.1,30.8,30,11.6,3.8,1.1,32.49309,-91.10874,783
34894,Pallid,7/19/2012,12:44,TV,1,454,1.1,30.4,30,16.4,4.1,1.1,32.465,-91.10179,721
63417,Pallid,7/19/2012,13:13,TV,1,454,1.1,30.8,30,7.2,2.5,0.7,32.45605,-91.08863,723
34228,Pallid,7/27/2012,8:46,CP,1,578,0.2,31.6,31.7,17.8,4.36,1.2,33.76054,-91.13463,710
10221,Pallid,7/27/2012,9:21,CP,1,576,0.2,30.9,31.7,12.3,3.6,1.0,33.71873,-91.14914,871
34213,Pallid,7/27/2012,9:49,CP,1,574,0.2,31.5,31.7,10.1,3.06,0.9,33.70562,-91.15862,734
10222,Pallid,7/27/2012,10:25,CP,1,572,0.2,30.8,31.7,11,3.9,1.1,33.69927,-91.20576,790
54689,Pallid,7/27/2012,11:08,CP,1,570,0.2,31.5,31.7,9.6,3.89,1.1,33.68124,-91.22917,758
10208,Pallid,7/27/2012,11:52,CP,1,567,0.2,31.6,31.7,15.8,2.56,0.7,33.65234,-91.18879,721
54712,Pallid,7/27/2012,11:58,CP,1,567,0.2,31.6,31.7,11.7,3.24,0.9,33.65123,-91.18492,871
54697,Pallid,7/27/2012,12:03,CP,1,567,0.2,30.9,31.7,15,3.4,0.9,33.65262,-91.18029,692
54692,Pallid,7/27/2012,12:29,CP,1,566,0.2,30.9,31.7,11.4,3.5,1.0,33.64458,-91.16434,756
48386,Pallid,7/27/2012,13:46,CP,2,557,0.2,31.6,31.7,6.3,2.41,0.7,33.57026,-91.18474,681
54695,Pallid,7/27/2012,14:12,CP,1,555,0.2,31.6,31.7,10.1,2.66,0.7,33.56991,-91.21931,830
34940,Pallid,7/27/2012,14:12,CP,1,555,0.2,31.6,31.7,10.1,2.66,0.7,33.56991,-91.21931,865
65260,Pallid,7/27/2012,14:14,CP,5,555,0.2,30.9,31.7,9.3,2.1,0.6,33.56674,-91.21823,735
34228,Pallid,8/9/2012,17:44,CP,1,579,0.0,31.5,30.6,12.6,4.5,1.3,33.76128,-91.13343,710
10221,Pallid,8/9/2012,18:20,CP,5,575,0.0,31.2,30.6,15.1,3.25,0.9,33.71249,-91.15314,871
34213,Pallid,8/10/2012,7:30,CP,5,575,0.0,30.4,30.6,8.2,3,0.8,33.70569,-91.15814,734
65256,Pallid,8/10/2012,8:34,CP,5,572,0.0,31,30.6,15.3,1.5,0.4,33.70071,-91.2152,723
54689,Pallid,8/10/2012,9:05,CP,1,570,0.0,31.1,30.6,11.7,3.1,0.9,33.68774,-91.22837,758
10208,Pallid,8/10/2012,10:05,CP,1,567,0.0,31.1,30.6,20.1,4,1.1,33.65576,-91.19774,721
10222,Pallid,8/10/2012,10:24,CP,1,567,0.0,31.1,30.6,19.9,4,1.1,33.65472,-91.1934,790
54697,Pallid,8/10/2012,10:30,CP,1,566,0.0,31.1,30.6,14.2,3.3,0.9,33.65214,-91.18547,692
54712,Pallid,8/10/2012,10:30,CP,1,566,0.0,31.1,30.6,11.5,3.3,0.9,33.65116,-91.18418,871
54692,Pallid,8/10/2012,11:15,CP,1,565,0.0,31.2,30.6,8.2,3,0.8,33.63832,-91.15741,756
54695,Pallid,8/10/2012,16:08,CP,5,555,0.0,31.6,30.6,15.5,2.3,0.6,33.57074,-91.22368,830
65260,Pallid,8/10/2012,16:14,CP,4,555,0.0,31.1,30.6,6.5,2.2,0.6,33.56564,-91.22216,735
34908,Pallid,8/11/2012,18:28,TV,2,465,-0.1,30.9,30.6,4.3,4.03,1.1,32.59511,-91.13858,722
45186,Pallid,8/11/2012,18:54,TV,2,463,-0.1,30.8,30.6,5.1,3.89,1.1,32.57385,-91.10987,683
34887,Pallid,8/11/2012,19:43,TV,2,461,-0.1,30.9,30.6,6.2,2.63,0.7,32.51838,-91.10689,906
34896,Pallid,8/12/2012,6:29,TV,4,458,-0.2,30.5,30.6,6.7,1.1,0.3,32.5092,-91.11364,696
46956,Pallid,8/12/2012,6:44,TV,1,458,-0.2,30.4,30.6,9.2,2.45,0.7,32.50146,-91.11206,678
34959,Pallid,8/12/2012,7:01,TV,1,457,-0.2,30.4,30.6,10.7,2.63,0.7,32.49454,-91.11419,783
45187,Pallid,8/12/2012,7:27,TV,1,455,-0.2,30.7,30.6,14.9,3.1,0.9,32.47774,-91.11461,751
34894,Pallid,8/12/2012,7:42,TV,1,455,-0.2,30.7,30.6,21.1,2.6,0.7,32.47195,-91.11112,721
45193,Pallid,8/12/2012,8:02,TV,1,455,-0.2,30.4,30.6,8.6,2.3,0.6,32.46476,-91.09961,773
63417,Pallid,8/12/2012,8:26,TV,2,454,-0.2,30.4,30.6,6.8,1.87,0.5,32.45742,-91.09039,723
34908,Pallid,9/8/2012,10:53,TV,1,465,0.1,29.9,29.4,6.8,4.4,1.2,32.59306,-91.13747,722
34962,Pallid,9/8/2012,10:41,TV,3,465,0.1,29,29.4,6.8,5.22,1.5,32.59138,-91.13539,860
34887,Pallid,9/8/2012,11:52,TV,5,459,0.1,29.8,29.4,7.7,5.1,1.4,32.52683,-91.09753,906
34896,Pallid,9/8/2012,12:20,TV,1,458,0.1,29,29.4,14,4.52,1.3,32.50689,-91.11166,696
46956,Pallid,9/8/2012,12:39,TV,1,457,0.1,29,29.4,21.9,3.5,1.0,32.49739,-91.11607,678
34959,Pallid,9/8/2012,12:51,TV,1,457,0.1,29,29.4,19.7,3.42,1.0,32.4961,-91.11589,783
45187,Pallid,9/8/2012,13:24,TV,1,456,0.1,29.5,29.4,10.2,2.5,0.7,32.47985,-91.11228,751
45193,Pallid,9/8/2012,13:26,TV,1,456,0.1,29,29.4,17.2,4.07,1.1,32.47066,-91.11004,773
34894,Pallid,9/8/2012,14:08,TV,4,454,0.1,29.5,29.4,9.1,3.2,0.9,32.45992,-91.0947,721
63417,Pallid,9/8/2012,14:37,TV,2,453,0.1,29.5,29.4,6.3,2.5,0.7,32.45682,-91.08899,723
34908,Pallid,10/6/2012,7:42,TV,3,466,1.0,22.4,22.8,4,5.1,1.4,32.60539,-91.14509,722
34962,Pallid,10/6/2012,8:05,TV,3,465,1.0,22.3,22.8,7.3,4.5,1.3,32.60005,-91.13969,860
34887,Pallid,10/6/2012,9:54,TV,2,461,1.0,22.2,22.8,4.4,3.5,1.0,32.54297,-91.09871,906
34896,Pallid,10/6/2012,11:27,TV,1,459,1.0,22.2,22.8,14.5,3.5,1.0,32.50832,-91.11111,696
45187,Pallid,10/6/2012,11:38,TV,1,459,1.0,22.2,22.8,16.1,4.3,1.2,32.50766,-91.11218,751
45186,Pallid,10/6/2012,11:43,TV,1,459,1.0,22.2,22.8,19,4.1,1.1,32.50605,-91.11347,683
34959,Pallid,10/6/2012,13:12,TV,1,458,1.0,22.2,22.8,21.6,3.2,0.9,32.50146,-91.1151,783
34894,Pallid,10/6/2012,13:18,TV,1,458,1.0,22.2,22.8,22.5,3.3,0.9,32.50085,-91.11545,721
46956,Pallid,10/6/2012,13:20,TV,1,458,1.0,22.2,22.8,21.4,3.3,0.9,32.50111,-91.11523,678
45193,Pallid,10/6/2012,13:53,TV,1,455,1.0,22.2,22.8,9.8,2.6,0.7,32.46249,-91.09772,773
63417,Pallid,10/7/2012,10:25,TV,1,442,0.9,21.4,22.8,18.1,3.3,0.9,32.35017,-90.98011,723
34927,Pallid,10/7/2012,10:51,TV,1,442,0.9,21.4,22.8,19.6,3.7,1.0,32.34797,-90.97643,732
48380,Pallid,10/7/2012,13:49,TV,3,439,0.9,21.4,22.8,4.8,3.5,1.0,32.34447,-90.92384,1013
54692,Pallid,10/25/2012,10:53,CP,3,579,0.1,18.8,19.4,3.1,2,0.6,33.76564,-91.11908,756
34213,Pallid,10/25/2012,11:41,CP,5,574,0.1,18.9,19.4,13.8,2,0.6,33.70573,-91.15874,734
54689,Pallid,10/25/2012,11:56,CP,1,574,0.1,18.6,19.4,6.4,2.41,0.7,33.7046,-91.17389,758
10208,Pallid,10/25/2012,13:09,CP,1,567,0.1,18.5,19.4,17.5,3.85,1.1,33.65629,-91.19612,721
54712,Pallid,10/25/2012,13:12,CP,1,567,0.1,18.5,19.4,15.8,3.46,1.0,33.65646,-91.19463,871
54697,Pallid,10/25/2012,13:41,CP,1,566,0.1,18.5,19.4,16.5,3.17,0.9,33.65332,-91.18334,692
65260,Pallid,10/25/2012,15:13,CP,1,555,0.1,18.6,19.4,9.3,2.66,0.7,33.57041,-91.21901,735
48386,Pallid,10/25/2012,15:23,CP,1,555,0.1,18.7,19.4,15.2,2.63,0.7,33.56963,-91.22426,681
54695,Pallid,10/25/2012,15:53,CP,1,554,0.1,18.7,19.4,19.6,2.92,0.8,33.56274,-91.23422,830
34896,Pallid,11/10/2012,8:46,TV,2,460,2.0,13.7,16.1,6.5,3.6,1.0,32.5279,-91.10177,696
34959,Pallid,11/10/2012,9:05,TV,1,458,2.0,13.8,16.1,18.7,4.07,1.1,32.5077,-91.11266,783
34887,Pallid,11/10/2012,9:05,TV,1,458,2.0,13.8,16.1,18.7,4.07,1.1,32.5077,-91.11266,906
45187,Pallid,11/10/2012,9:05,TV,1,458,2.0,13.8,16.1,18.7,4.07,1.1,32.5077,-91.11266,751
45193,Pallid,11/10/2012,9:11,TV,1,458,2.0,13.8,16.1,18.1,5.29,1.5,32.50542,-91.11329,773
34894,Pallid,11/10/2012,10:26,TV,1,457,2.0,13.9,16.1,11,1.22,0.3,32.49546,-91.1123,721
46956,Pallid,11/10/2012,10:36,TV,1,457,2.0,14,16.1,11.2,2.09,0.6,32.49738,-91.11249,678
34962,Pallid,11/10/2012,11:11,TV,1,456,2.0,13.9,16.1,15.9,2.92,0.8,32.48103,-91.11368,860
63417,Pallid,11/10/2012,16:11,TV,1,442,2.0,14,16.1,15.3,4.1,1.1,32.34903,-90.97328,723
54689,Pallid,11/10/2012,10:41,CP,1,575,2.2,13.3,16.1,17.9,2,0.6,33.71612,-91.15074,758
10221,Pallid,11/10/2012,11:10,CP,1,575,2.2,13.3,16.1,18.1,3.4,0.9,33.71576,-91.15038,871
34213,Pallid,11/10/2012,11:24,CP,1,574,2.2,13.4,16.1,14.9,2.2,0.6,33.70602,-91.15892,734
54697,Pallid,11/10/2012,12:43,CP,2,567,2.2,13.5,16.1,14.6,2.9,0.8,33.65736,-91.19584,692
54712,Pallid,11/10/2012,13:12,CP,1,567,2.2,13.4,16.1,18.1,4.1,1.1,33.65365,-91.18404,871
54695,Pallid,11/10/2012,16:15,CP,1,557,2.2,13.5,16.1,14.4,4.2,1.2,33.56898,-91.1958,830
48386,Pallid,11/10/2012,16:51,CP,1,555,2.2,13.5,16.1,11.5,3.3,0.9,33.57086,-91.21701,681
34213,Pallid,12/6/2012,11:04,CP,5,574,-0.1,11.8,12.8,11.6,2.58,0.7,33.70559,-91.15866,734
54689,Pallid,12/6/2012,11:28,CP,1,574,-0.1,12.4,12.8,15.4,4.1,1.1,33.70283,-91.1734,758
10221,Pallid,12/6/2012,11:28,CP,1,574,-0.1,12.4,12.8,15.4,4.1,1.1,33.70283,-91.1734,871
54687,Pallid,12/6/2012,12:21,CP,3,571,-0.1,11.9,12.8,5.6,2.81,0.8,33.69371,-91.21987,773
65253,Pallid,12/6/2012,12:39,CP,1,572,-0.1,12.6,12.8,13.7,2.1,0.6,33.69742,-91.22202,710
34259,Pallid,12/6/2012,12:51,CP,1,571,-0.1,12.5,12.8,9,2.7,0.8,33.69524,-91.22524,813
54697,Pallid,12/6/2012,13:33,CP,1,568,-0.1,11.9,12.8,10.4,3.46,1.0,33.65768,-91.20593,692
54712,Pallid,12/6/2012,14:24,CP,1,566,-0.1,12,12.8,18.9,3.35,0.9,33.65499,-91.18669,871
54713,Pallid,12/6/2012,14:39,CP,4,566,-0.1,11.9,12.8,10.9,2.52,0.7,33.65163,-91.17163,920
34959,Pallid,12/8/2012,9:27,TV,1,444,-0.2,12.5,12.8,13.9,1.01,0.3,32.36558,-91.00489,783
34231,Pallid,12/8/2012,9:47,TV,1,444,-0.2,12.5,12.8,10.2,2.66,0.7,32.36422,-91.00293,710
34924,Pallid,12/8/2012,10:40,TV,1,443,-0.2,12.6,12.8,11.3,1.69,0.5,32.35309,-90.99481,791
34233,Pallid,12/8/2012,10:40,TV,1,443,-0.2,12.6,12.8,11.3,1.69,0.5,32.35309,-90.99481,747
63417,Pallid,12/8/2012,11:56,TV,1,443,-0.2,12.6,12.8,9.8,2.3,0.6,32.35072,-90.98445,723
34923,Pallid,12/8/2012,13:41,TV,2,435,-0.2,13.1,12.8,9.5,0.5,0.1,32.31621,-90.90646,760
34962,Pallid,12/15/2012,7:52,TV,3,466,1.0,10.9,13.3,4.9,3.31,0.9,32.60871,-91.14618,860
34894,Pallid,12/15/2012,8:29,TV,3,465,1.0,10.9,13.3,5.6,2.12,0.6,32.59665,-91.13892,721
34896,Pallid,12/15/2012,10:08,TV,1,460,1.0,11.2,13.3,10.8,4.21,1.2,32.52098,-91.10421,696
45187,Pallid,12/15/2012,10:54,TV,1,458,1.0,11.1,13.3,14.1,4.21,1.2,32.501963,-91.11008,751
34887,Pallid,12/15/2012,11:40,TV,1,458,1.0,11.3,13.3,15.6,3.2,0.9,32.5056,-91.11279,906
46956,Pallid,12/15/2012,11:48,TV,1,458,1.0,11.2,13.3,13.2,4.07,1.1,32.50464,-91.11252,678
34959,Pallid,12/18/2012,13:47,TV,1,449,3.0,11.3,12.2,11,4.9,1.4,32.42986,-91.02691,783
33290,Pallid,1/12/2013,10:07,TV,2,443,5.8,7.1,6.1,8.1,4.57,1.3,32.35558,-90.99698,803
33288,Pallid,1/12/2013,10:23,TV,1,443,5.8,7.2,6.1,18.4,4.8,1.3,32.35146,-90.98822,773
33293,Pallid,1/12/2013,10:51,TV,1,442,5.8,7.3,6.1,15.5,,,32.3511,-90.98333,715
34233,Pallid,1/12/2013,11:29,TV,1,442,5.8,7.2,6.1,17.7,5.7,1.6,32.34897,-90.97239,747
33291,Pallid,1/12/2013,11:29,TV,1,442,5.8,7.2,6.1,17.7,5.7,1.6,32.34897,-90.97239,765
33286,Pallid,1/12/2013,11:52,TV,1,441,5.8,7.2,6.1,14.9,5.2,1.4,32.34686,-90.9635,908
27833,Pallid,1/20/2013,11:15,TV,1,462,8.5,6.4,7.8,15,4.5,1.3,32.5652,-91.10065,738
27782,Pallid,1/20/2013,12:18,TV,6,462,8.5,6.3,7.8,8.8,2.45,0.7,32.5373,-91.1093,694
34959,Pallid,1/20/2013,12:22,TV,6,462,8.5,6.3,7.8,9.1,2.2,0.6,32.53756,-91.10934,783
27802,Pallid,1/20/2013,12:22,TV,6,462,8.5,6.3,7.8,9.1,2.2,0.6,32.53756,-91.10934,695
45186,Pallid,1/20/2013,12:44,TV,6,462,8.5,6.4,7.8,7.7,1.55,0.4,32.53687,-91.1089,683
27788,Pallid,1/20/2013,13:08,TV,6,462,8.5,6.2,7.8,11.3,3.28,0.9,32.53408,-91.11024,845
27794,Pallid,1/20/2013,13:19,TV,1,459,8.5,6.5,7.8,13.7,2.2,0.6,32.50079,-91.11709,873
27765,Pallid,1/20/2013,13:38,TV,1,457,8.5,,7.8,,,,,,776
27834,Pallid,1/20/2013,14:34,TV,1,456,8.5,6.6,7.8,11.9,0.2,0.1,32.49001,-91.12026,740
46956,Pallid,1/20/2013,15:44,TV,1,457,8.5,6.5,7.8,12.5,1.3,0.4,32.48746,-91.11904,678
27798,Pallid,1/21/2013,8:22,TV,1,455,8.8,6.4,7.8,26.4,6.12,1.7,32.46945,-91.1086,905
45187,Pallid,1/21/2013,11:25,TV,2,453,8.8,6.7,7.8,10.6,4.6,1.3,32.44811,-91.07294,751
27758,Pallid,1/21/2013,10:00,TV,2,456,8.8,6.5,7.8,6.3,2.74,0.8,32.47931,-91.10638,#N/A
27833,Pallid,2/2/2013,10:24,TV,1,463,9.3,7,6.7,21.7,4.1,1.1,32.56235,-91.09891,738
27796,Pallid,2/2/2013,11:45,TV,7,459,9.3,7.3,6.7,9.1,3.3,0.9,32.52083,-91.10775,703
45186,Pallid,2/2/2013,12:05,TV,6,460,9.3,6.9,6.7,12.4,4.28,1.2,32.53318,-91.10917,683
27794,Pallid,2/2/2013,12:05,TV,6,460,9.3,6.9,6.7,12.4,4.28,1.2,32.53318,-91.10917,873
27782,Pallid,2/2/2013,12:09,TV,6,460,9.3,6.9,6.7,11.5,3.53,1.0,32.53255,-91.10896,694
27802,Pallid,2/2/2013,12:36,TV,6,460,9.3,7,6.7,11.3,4.93,1.4,32.53091,-91.10992,695
27788,Pallid,2/2/2013,12:36,TV,6,460,9.3,7,6.7,11.3,4.93,1.4,32.53091,-91.10992,845
27765,Pallid,2/2/2013,12:10,TV,4,457,9.3,7.2,6.7,11.5,0.8,0.2,32.5051,-91.11568,776
34896,Pallid,2/2/2013,12:43,TV,6,460,9.3,7,6.7,11.7,3.89,1.1,32.53006,-91.10942,696
34959,Pallid,2/2/2013,12:43,TV,6,460,9.3,7,6.7,11.9,4.28,1.2,32.53029,-91.10869,783
46956,Pallid,2/2/2013,13:37,TV,1,457,9.3,7,6.7,9.3,0.68,0.2,32.49217,-91.12023,678
27758,Pallid,2/2/2013,15:19,TV,4,454,9.3,7.2,6.7,14.4,,,32.46252,-91.09395,#N/A
45187,Pallid,2/2/2013,15:54,TV,1,454,9.3,7.2,6.7,12.5,5.7,1.6,32.45103,-91.08024,751
33289,Pallid,2/9/2013,9:34,TV,1,444,8.6,7.5,7.8,26.9,2.48,0.7,32.36355,-91.0082,760
33293,Pallid,2/9/2013,11:12,TV,1,441,8.6,7.6,7.8,15.4,7.78,2.2,32.34832,-90.96433,715
33290,Pallid,2/9/2013,11:31,TV,1,440,8.6,7.4,7.8,12.9,3.13,0.9,32.34937,-90.95986,803
33288,Pallid,2/9/2013,12:09,TV,1,439,8.6,7.5,7.8,14.8,3.85,1.1,32.3491,-90.93795,773
33291,Pallid,2/9/2013,12:24,TV,1,439,8.6,7.6,7.8,11.2,5.26,1.5,32.34835,-90.92971,765
27785,Pallid,3/16/2013,11:39,TV,6,461,7.3,8.4,8.9,9.2,4.4,1.2,32.53621,-91.11051,690
27782,Pallid,3/16/2013,11:39,TV,6,461,7.3,8.4,8.9,9.2,4.4,1.2,32.53621,-91.11051,694
34896,Pallid,3/16/2013,11:39,TV,6,461,7.3,8.4,8.9,9.2,4.4,1.2,32.53621,-91.11051,696
27783,Pallid,3/16/2013,11:39,TV,6,461,7.3,8.4,8.9,9.2,4.4,1.2,32.53621,-91.11051,768
27802,Pallid,3/16/2013,12:15,TV,6,461,7.3,8.6,8.9,9.8,2.2,0.6,32.53124,-91.10939,695
34959,Pallid,3/16/2013,12:15,TV,6,461,7.3,8.6,8.9,9.8,2.2,0.6,32.53124,-91.10939,783
46956,Pallid,3/16/2013,14:14,TV,1,456,7.3,8.8,8.9,21.1,2.23,0.6,32.48398,-91.11892,678
27769,Pallid,3/16/2013,14:03,TV,2,457,7.3,8.8,8.9,7.5,2.3,0.6,32.48469,-91.10971,707
27830,Pallid,3/16/2013,16:56,TV,3,450,7.3,9,8.9,8,3.3,0.9,32.43527,-91.0232,710
33289,Pallid,3/17/2013,11:36,TV,1,444,7.7,8.9,8.9,13.8,0.4,0.1,32.35861,-91.00637,760
27812,Pallid,3/17/2013,12:50,TV,1,442,7.7,8.9,8.9,21,4.6,1.3,32.34947,-90.97443,772
27815,Pallid,3/29/2013,12:37,CP,1,568,8.8,7.4,7.8,24.6,8.28,2.3,33.66105,-91.21553,724
54712,Pallid,3/29/2013,13:19,CP,1,565,8.8,7.6,7.8,16.8,0.97,0.3,33.65373,-91.17579,871
65260,Pallid,3/29/2013,14:19,CP,2,557,8.8,8,7.8,8.8,0.4,0.1,33.57348,-91.18394,735
54695,Pallid,3/29/2013,14:37,CP,1,558,8.8,7.6,7.8,15.9,5.94,1.7,33.57186,-91.17218,830
27783,Pallid,4/13/2013,9:33,TV,3,463,7.5,13.8,11.7,10.7,4.72,1.3,32.4626,-91.11064,768
45186,Pallid,4/13/2013,9:33,TV,3,463,7.5,13.8,11.7,10.7,4.72,1.3,32.4626,-91.11064,683
48392,Pallid,4/13/2013,9:33,TV,3,463,7.5,13.8,11.7,10.7,4.72,1.3,32.4626,-91.11064,774
46956,Pallid,4/13/2013,10:51,TV,6,462,7.5,14,11.7,7.4,2.7,0.8,32.53413,-91.10923,678
34896,Pallid,4/13/2013,10:59,TV,6,462,7.5,13.9,11.7,10,1.44,0.4,32.53417,-91.11017,696
27785,Pallid,4/13/2013,11:23,TV,6,462,7.5,13.9,11.7,9.3,2.3,0.6,32.53337,-91.10919,690
34959,Pallid,4/13/2013,11:33,TV,6,460,7.5,14,11.7,8.8,1.66,0.5,32.52827,-91.10844,783
27796,Pallid,4/13/2013,11:36,TV,3,457,7.5,14.1,11.7,13.2,1,0.3,32.49711,-91.11018,703
27835,Pallid,4/13/2013,12:02,TV,7,459,7.5,14.3,11.7,7.1,2.56,0.7,32.52132,-91.10727,719
27765,Pallid,4/13/2013,12:53,TV,1,457,7.5,14.3,11.7,15,3.4,0.9,32.48693,-91.11958,776
34887,Pallid,4/13/2013,13:44,TV,1,455,7.5,14.1,11.7,25.7,4.79,1.3,32.47791,-91.11587,906
27788,Pallid,4/13/2013,13:40,TV,2,456,7.5,14.2,11.7,4.6,2.7,0.8,32.48392,-91.10874,845
45187,Pallid,4/13/2013,14:11,TV,2,455,7.5,14.2,11.7,8.4,4.6,1.3,32.47313,-91.10513,751
27833,Pallid,4/13/2013,15:50,TV,2,452,7.5,14.3,11.7,7.2,2.9,0.8,32.44021,-91.0456,738
27762,Pallid,4/13/2013,16:32,TV,3,449,7.5,14.4,11.7,13.5,,,32.43138,-91.01526,910
27830,Pallid,4/13/2013,16:32,TV,3,449,7.5,14.4,11.7,13.5,,,32.43138,-91.01526,710
33289,Pallid,4/14/2013,9:38,TV,2,444,7.6,14.5,11.7,4.7,4.6,1.3,32.35698,-90.99328,760
33288,Pallid,4/14/2013,11:25,TV,1,440,7.6,14.5,11.7,13.2,5.1,1.4,32.34861,-90.93956,773
33286,Pallid,4/14/2013,14:10,TV,3,433,7.6,14.6,11.7,5.7,2.12,0.6,32.28716,-90.94729,908
34213,Pallid,4/19/2013,11:52,CP,5,574,7.9,15.9,15.6,10.7,4.1,1.1,33.70551,-91.15831,734
65260,Pallid,4/19/2013,12:28,CP,1,571,7.9,15.7,15.6,19.4,,,33.70363,-91.19969,735
54689,Pallid,4/19/2013,12:46,CP,1,571,7.9,15.7,15.6,22.6,4.9,1.4,33.7017,-91.20965,758
54712,Pallid,4/19/2013,15:24,CP,1,565,7.9,15.9,15.6,25,4.8,1.3,33.65037,-91.17003,871
54695,Pallid,4/19/2013,16:24,CP,1,558,7.9,15.7,15.6,16.1,5.26,1.5,33.57101,-91.17563,830
27782,Pallid,5/22/2013,11:17,TV,4,463,13.0,21.1,20.6,16,5.2,1.4,32.57156,-91.10674,694
27783,Pallid,5/22/2013,11:49,TV,1,460,13.0,20.9,20.6,21.2,7.78,2.2,32.52963,-91.10066,768
27802,Pallid,5/22/2013,12:30,TV,2,457,13.0,21.2,20.6,9,1.4,0.4,32.49513,-91.10954,695
27835,Pallid,5/22/2013,13:57,TV,1,447,13.0,21,20.6,27.1,4.93,1.4,32.4148,-90.99516,719
34894,Pallid,5/22/2013,13:57,TV,1,447,13.0,21,20.6,27.1,4.93,1.4,32.4148,-90.99516,721
45187,Pallid,5/22/2013,14:07,TV,2,453,13.0,21.4,20.6,5.7,2.3,0.6,32.45418,-91.08023,751
33290,Pallid,5/22/2013,14:38,TV,3,452,13.0,21.3,20.6,7.3,4.8,1.3,32.44304,-91.05605,803
27785,Pallid,5/22/2013,14:57,TV,3,451,13.0,21.3,20.6,10.6,4.8,1.3,32.43976,-91.04198,690
27812,Pallid,5/22/2013,16:32,TV,1,433,13.0,21.1,20.6,16.5,6.44,1.8,32.28668,-90.9449,772
27325,Pallid,5/28/2013,13:53,CP,6,577,10.4,22.8,20.6,8.1,2.4,0.7,33.73672,-91.13371,747
27326,Pallid,5/28/2013,14:48,CP,6,576,10.4,22.8,20.6,9.5,2.2,0.6,33.72264,-91.14213,839
34213,Pallid,5/28/2013,15:49,CP,5,574,10.4,23.3,20.6,13.5,1.5,0.4,33.70535,-91.1584,734
54697,Pallid,5/28/2013,16:48,CP,5,572,10.4,23.6,20.6,12.9,1.6,0.4,33.70259,-91.21182,692
54689,Pallid,5/28/2013,17:07,CP,5,571,10.4,23.5,20.6,12.9,1.6,0.4,33.69908,-91.22082,758
34259,Pallid,5/28/2013,17:37,CP,1,571,10.4,23.5,20.6,,,,33.69486,-91.22596,813
27815,Pallid,5/28/2013,19:15,CP,6,567,10.4,22.9,20.6,7.1,3.5,1.0,33.65737,-91.19106,724
33290,Pallid,6/18/2013,11:06,TV,1,448,12.1,24.9,25.6,19.3,3.78,1.1,32.42013,-90.99861,803
33288,Pallid,6/18/2013,13:04,TV,5,441,12.1,25.3,25.6,19.7,5.87,1.6,32.34948,-90.97075,773
33293,Pallid,6/18/2013,14:39,TV,4,435,12.1,25.4,25.6,,,,32.31166,-90.91376,715
27812,Pallid,6/18/2013,15:39,TV,2,433,12.1,25.3,25.6,11,2.1,0.6,32.28704,-90.94606,772
27834,Pallid,6/19/2013,8:26,TV,3,466,12.0,24.7,25.6,13.4,5.83,1.6,32.5931,-91.13018,740
48392,Pallid,6/19/2013,9:14,TV,3,462,12.0,24.8,25.6,13.8,6.48,1.8,32.56334,-91.10879,774
45186,Pallid,6/19/2013,9:19,TV,3,462,12.0,25.1,25.6,12.4,6.6,1.8,32.562,-91.1,683
34887,Pallid,6/19/2013,10:30,TV,6,460,12.0,25.2,25.6,10.5,1.6,0.4,32.533,-91.108,906
34896,Pallid,6/19/2013,10:41,TV,6,460,12.0,25.3,25.6,12.2,3.3,0.9,32.52779,-91.10818,696
34959,Pallid,6/19/2013,12:01,TV,1,456,12.0,25.4,25.6,19.5,3,0.8,32.48643,-91.11941,783
45187,Pallid,6/19/2013,12:45,TV,3,453,12.0,24.9,25.6,10.1,3.71,1.0,32.45091,-91.07653,751
27765,Pallid,6/19/2013,13:14,TV,3,451,12.0,25,25.6,9.8,4.1,1.1,32.43606,-91.02411,776
27769,Pallid,6/19/2013,13:14,TV,3,451,12.0,25,25.6,9.8,4.1,1.1,32.43606,-91.02411,707
27833,Pallid,6/19/2013,13:14,TV,3,451,12.0,25,25.6,9.8,4.1,1.1,32.43606,-91.02411,738
27325,Pallid,6/26/2013,8:34,CP,1,580,9.2,27.9,26.7,11.5,2.05,0.6,33.77512,-91.10753,747
34217,Pallid,6/26/2013,9:00,CP,4,579,9.2,28.4,26.7,14.8,2.88,0.8,33.77327,-91.11256,738
27294,Pallid,6/26/2013,9:48,CP,5,575,9.2,27.2,26.7,7.6,1,0.3,33.71231,-91.15081,787
34213,Pallid,6/26/2013,10:39,CP,5,575,9.2,27.2,26.7,,,,33.70762,-91.15531,734
54687,Pallid,6/26/2013,11:48,CP,1,573,9.2,27.6,26.7,12.8,2.45,0.7,33.70466,-91.19569,773
54689,Pallid,6/26/2013,12:03,CP,1,572,9.2,27.6,26.7,24.4,3.1,0.9,33.70144,-91.21316,758
27815,Pallid,6/26/2013,12:27,CP,2,568,9.2,27.4,26.7,6.4,4.5,1.3,33.65988,-91.20321,724
45186,Pallid,7/10/2013,10:32,TV,3,462,9.0,27,27.8,9.8,6.44,1.8,32.56237,-91.1096,683
34896,Pallid,7/10/2013,11:21,TV,7,459,9.0,27,27.8,5.8,2.12,0.6,32.52275,-91.10643,696
27782,Pallid,7/10/2013,11:01,TV,3,463,9.0,27.1,27.8,7,4.1,1.1,32.58152,-91.115,694
34959,Pallid,7/10/2013,11:30,TV,7,459,9.0,27.1,27.8,6,1.19,0.3,32.52259,-91.10699,783
34887,Pallid,7/10/2013,12:05,TV,6,461,9.0,27,27.8,11.2,3.96,1.1,32.53287,-91.10942,906
45187,Pallid,7/10/2013,14:08,TV,7,455,9.0,27.2,27.8,8.9,2.95,0.8,32.46703,-91.09693,751
27833,Pallid,7/10/2013,16:23,TV,3,448,9.0,27.4,27.8,8.6,2.6,0.7,32.43523,-91.02538,738
33289,Pallid,7/10/2013,16:14,TV,7,445,9.0,27.3,27.8,8.2,,,32.39291,-91.00223,760
27765,Pallid,7/10/2013,16:36,TV,3,448,9.0,27.4,27.8,10.6,2,0.6,32.43359,-91.02206,776
34894,Pallid,7/10/2013,17:16,TV,3,447,9.0,27.4,27.8,18,3,0.8,32.41905,-91.99835,721
27796,Pallid,7/10/2013,17:21,TV,1,444,9.0,27.7,27.8,33.4,0.65,0.2,32.36252,-91.00651,703
33288,Pallid,7/10/2013,18:44,TV,2,440,9.0,27.4,27.8,8.4,4.2,1.2,32.35056,-90.97173,773
27812,Pallid,7/11/2013,8:54,TV,3,433,9.2,27.2,27.8,12.2,4.46,1.2,32.28644,-90.94528,772
27294,Pallid,7/18/2013,9:53,CP,1,575,9.1,28,27.8,22.4,5,1.4,33.71272,-91.15165,787
34213,Pallid,7/18/2013,10:18,CP,5,574,9.1,28,27.8,5.6,2.8,0.8,33.70506,-91.15844,734
27815,Pallid,7/18/2013,11:42,CP,2,569,9.1,28.3,27.8,4.8,3.5,1.0,33.66329,-91.21432,724
34887,Pallid,8/8/2013,12:46,TV,7,460,5.1,29.1,28.9,7.9,2.2,0.6,32.52249,-91.10542,906
34908,Pallid,8/8/2013,11:25,TV,3,464,5.1,29,28.9,6.3,3.4,0.9,32.58168,-91.11772,722
27782,Pallid,8/8/2013,11:25,TV,3,464,5.1,29,28.9,6.3,3.4,0.9,32.58168,-91.11772,694
45186,Pallid,8/8/2013,12:10,TV,3,463,5.1,29,28.9,4.2,3.2,0.9,32.56003,-91.10915,683
48392,Pallid,8/8/2013,12:10,TV,3,463,5.1,29,28.9,4.2,3.2,0.9,32.56003,-91.10915,774
27762,Pallid,8/8/2013,12:10,TV,3,463,5.1,29,28.9,4.2,3.2,0.9,32.56003,-91.10915,910
34959,Pallid,8/8/2013,15:35,TV,2,456,5.1,29.1,28.9,4.8,3.3,0.9,32.48135,-91.11095,783
45187,Pallid,8/8/2013,14:12,TV,2,458,5.1,29.4,28.9,6.8,0.3,0.1,32.51011,-91.11356,751
33289,Pallid,8/8/2013,18:16,TV,2,446,5.1,29.2,28.9,10.8,2.3,0.6,32.39537,-90.99241,760
33290,Pallid,8/8/2013,19:20,TV,1,444,5.1,29.1,28.9,19.2,5,1.4,32.36497,-91.00346,803
34894,Pallid,8/8/2013,17:36,TV,3,447,5.1,29.4,28.9,5.5,1.4,0.4,32.42013,-90.99767,721
27812,Pallid,8/8/2013,15:18,TV,3,432,5.1,29.4,28.9,6.9,4.2,1.2,32.28186,-90.95102,772
27802,Pallid,8/8/2013,12:52,TV,7,459,5.1,29,28.9,6.8,1.37,0.4,32.52005,-91.10776,695
27785,Pallid,8/8/2013,13:34,TV,1,459,5.1,29,28.9,16.3,2.27,0.6,32.51505,-91.10935,690
34896,Pallid,8/8/2013,12:16,TV,2,461,5.1,29,28.9,11.2,2.49,0.7,32.53256,-91.10008,696
27765,Pallid,8/8/2013,15:03,TV,1,458,5.1,29,28.9,11.3,2.38,0.7,32.49429,-91.11304,776
27769,Pallid,8/8/2013,16:11,TV,1,455,5.1,29,28.9,12.4,3.67,1.0,32.45833,-91.09148,707
46956,Pallid,8/8/2013,14:32,TV,1,458,5.1,29,28.9,17.6,3.64,1.0,32.5025,-91.11235,678
34928,Pallid,8/8/2013,14:42,TV,3,432,5.1,29.2,28.9,8.1,2.41,0.7,32.27001,-90.96516,967
33291,Pallid,8/8/2013,16:52,TV,3,452,5.1,29.1,28.9,5.5,3.64,1.0,32.44013,-91.05276,765
33307,Pallid,8/8/2013,15:19,TV,3,432,5.1,29.5,28.9,7.5,1.55,0.4,32.27148,-90.96351,802
27796,Pallid,8/8/2013,7:54,TV,5,444,5.1,29,28.9,12.2,1.1,0.3,32.35778,-91.00579,703
33293,Pallid,8/8/2013,8:41,TV,3,439,5.1,29,28.9,9.2,5.65,1.6,32.34131,-90.93414,715
54687,Pallid,8/15/2013,12:02,CP,1,570,5.3,27.5,29.4,17.6,6.3,1.8,33.68777,-91.22806,773
27815,Pallid,8/15/2013,12:54,CP,1,566,5.3,27.6,29.4,18.4,5.3,1.5,33.65104,-91.18129,724
54712,Pallid,8/15/2013,12:54,CP,1,566,5.3,27.6,29.4,18.4,5.3,1.5,33.65104,-91.18129,871
27294,Pallid,8/15/2013,10:49,CP,1,574,5.3,27.8,29.4,10.6,6.3,1.8,33.70828,-91.16293,787
65256,Pallid,8/15/2013,11:46,CP,1,571,5.3,27.8,29.4,23.1,5.4,1.5,33.6996,-91.21572,723
54689,Pallid,8/15/2013,11:52,CP,1,571,5.3,27.6,29.4,18.6,4.1,1.1,33.69574,-91.22223,758
34213,Pallid,8/15/2013,10:53,CP,5,575,5.3,26.8,29.4,8.1,4.25,1.2,33.70523,-91.15886,734
34894,Pallid,9/5/2013,17:03,TV,3,447,3.5,29.5,29.4,10.4,5.5,1.5,32.41888,-90.99703,721
34908,Pallid,9/5/2013,12:15,TV,3,463,3.5,29.3,29.4,3.4,3,0.8,32.58541,-91.1216,722
27802,Pallid,9/5/2013,12:26,TV,1,458,3.5,29.3,29.4,19.6,5,1.4,32.51966,-91.10193,695
33291,Pallid,9/5/2013,13:43,TV,1,458,3.5,29.3,29.4,17.9,4.1,1.1,32.50939,-91.10906,765
27765,Pallid,9/5/2013,13:48,TV,1,458,3.5,29.3,29.4,20.8,2.4,0.7,32.50722,-91.11002,776
46956,Pallid,9/5/2013,13:48,TV,1,458,3.5,29.3,29.4,20.8,2.4,0.7,32.50722,-91.11002,678
45187,Pallid,9/5/2013,14:50,TV,2,457,3.5,29.4,29.4,9.5,3.7,1.0,32.4859,-91.11437,751
34959,Pallid,9/5/2013,14:50,TV,2,457,3.5,29.4,29.4,9.5,3.7,1.0,32.4859,-91.11437,783
27785,Pallid,9/5/2013,16:02,TV,3,451,3.5,29.5,29.4,6.9,4,1.1,32.44153,-91.05927,690
33307,Pallid,9/5/2013,16:55,TV,3,449,3.5,29.5,29.4,8.2,3.8,1.1,32.42893,-91.01353,802
34887,Pallid,9/5/2013,13:23,TV,7,458,3.5,29.3,29.4,8.3,2.63,0.7,32.52165,-91.10549,906
34896,Pallid,9/5/2013,13:39,TV,1,457,3.5,29.2,29.4,18.4,2.66,0.7,32.51169,-91.11046,696
27782,Pallid,9/5/2013,12:34,TV,3,464,3.5,29,29.4,5.7,3.06,0.9,32.57978,-91.1169,694
27769,Pallid,9/5/2013,15:02,TV,1,455,3.5,29.3,29.4,20.9,4.43,1.2,32.47474,-91.11077,707
27830,Pallid,9/6/2013,9:42,TV,1,436,3.4,29.2,29.4,15.4,4.43,1.2,32.32375,-90.90149,710
33288,Pallid,9/6/2013,8:04,TV,1,441,3.4,29.1,29.4,11.7,3.13,0.9,32.349,-90.96793,773
27826,Pallid,9/6/2013,10:03,TV,5,434,3.4,29.4,29.4,11.7,2.1,0.6,32.30256,-90.91222,698
54712,Pallid,9/21/2013,15:52,CP,1,567,1.1,26.4,28.3,16.1,3.85,1.1,33.65704,-91.20087,871
27294,Pallid,9/21/2013,15:35,CP,1,568,1.1,26.3,28.3,13.8,3.17,0.9,33.65825,-91.20985,787
54687,Pallid,9/21/2013,14:00,CP,1,571,1.1,26.6,28.3,14,3.9,1.1,33.69788,-91.21673,773
65256,Pallid,9/21/2013,14:36,CP,1,571,1.1,26.6,28.3,16.4,3.5,1.0,33.7001,-91.21566,723
27815,Pallid,9/21/2013,16:00,CP,2,567,1.1,26.7,28.3,6.9,1,0.3,33.65823,-91.20045,724
34896,Pallid,10/12/2013,10:48,TV,1,459,1.9,23.1,23.9,16.2,3.7,1.0,32.51326,-91.10981,696
45187,Pallid,10/12/2013,10:48,TV,1,459,1.9,23.1,23.9,16.2,3.7,1.0,32.51326,-91.10981,751
33291,Pallid,10/12/2013,11:05,TV,1,458,1.9,23.2,23.9,18.2,1.6,0.4,32.50957,-91.1128,765
34887,Pallid,10/12/2013,10:21,TV,7,459,1.9,23.1,23.9,5.4,2.3,0.6,32.52052,-91.10648,906
27785,Pallid,10/12/2013,14:25,TV,1,454,1.9,23.2,23.9,10.4,3.5,1.0,32.45258,-91.08687,690
27782,Pallid,10/12/2013,10:09,TV,2,461,1.9,23,23.9,7.5,1.98,0.6,32.54692,-91.09764,694
45186,Pallid,10/12/2013,10:37,TV,1,459,1.9,23,23.9,13.1,2.16,0.6,32.51616,-91.10825,683
33307,Pallid,10/12/2013,11:36,TV,1,459,1.9,23.1,23.9,17.7,1.22,0.3,32.50403,-91.11548,802
34959,Pallid,10/12/2013,11:36,TV,1,459,1.9,23.1,23.9,17.7,1.22,0.3,32.50403,-91.11548,783
27765,Pallid,10/12/2013,11:36,TV,1,459,1.9,23.1,23.9,17.7,1.22,0.3,32.50403,-91.11548,776
46956,Pallid,10/12/2013,11:36,TV,1,459,1.9,23.1,23.9,17.7,1.22,0.3,32.50403,-91.11548,678
27802,Pallid,10/12/2013,11:08,TV,1,459,1.9,23,23.9,14.8,2.16,0.6,32.57157,-91.11172,695
48392,Pallid,10/12/2013,9:31,TV,3,462,1.9,23,23.9,5.7,0,0.0,32.56308,-91.11083,774
34908,Pallid,10/12/2013,8:29,TV,3,466,1.9,23,23.9,8.1,2.05,0.6,32.6037,-91.14029,722
27769,Pallid,10/12/2013,11:56,TV,1,457,1.9,23.1,23.9,20.4,3.1,0.9,32.50093,-91.1159,707
34908,Pallid,10/13/2013,13:56,TV,3,440,2.6,23.1,23.9,16,0,0.0,32.34316,-90.95725,722
33290,Pallid,10/13/2013,11:24,TV,1,444,2.6,23.1,23.9,18,1.8,0.5,32.36231,-91.0074,803
33293,Pallid,10/13/2013,10:59,TV,1,444,2.6,23.1,23.9,12.5,3.6,1.0,32.36091,-91.00146,715
33288,Pallid,10/13/2013,10:47,TV,1,444,2.6,23.1,23.9,13.5,3.8,1.1,32.36527,-91.00238,773
34894,Pallid,10/13/2013,9:24,TV,3,448,2.6,23,23.9,4.2,2.2,0.6,32.41874,-90.99487,721
27835,Pallid,10/13/2013,12:27,TV,1,442,2.6,23.1,23.9,17.8,3.7,1.0,32.34763,-90.97237,719
27812,Pallid,10/13/2013,12:09,TV,1,442,2.6,23.1,23.9,18,4.1,1.1,32.3499,-90.97868,772
33289,Pallid,10/13/2013,10:19,TV,2,445,2.6,23,23.9,6.1,2.6,0.7,32.38414,-90.99895,760
33304,Pallid,10/30/2013,14:38,CP,1,566,0.7,17.9,18.3,16.5,3.3,0.9,33.65392,-91.18464,830
54712,Pallid,10/30/2013,14:38,CP,1,566,0.7,17.9,18.3,16.5,3.3,0.9,33.65392,-91.18464,871
27815,Pallid,10/30/2013,14:38,CP,1,566,0.7,17.9,18.3,16.5,3.3,0.9,33.65392,-91.18464,724
27294,Pallid,10/30/2013,14:19,CP,1,566,0.7,17.7,18.3,15.1,3.1,0.9,33.65667,-91.19521,787
54712,Pallid,10/30/2013,14:27,CP,1,566,0.7,17.9,18.3,19.8,3.7,1.0,33.6554,-91.19012,871
34213,Pallid,10/30/2013,11:33,CP,1,575,0.7,17.9,18.3,16.7,2.2,0.6,33.70567,-91.15884,734
34887,Pallid,11/7/2013,9:58,TV,7,459,1.5,16,16.1,5.7,2.45,0.7,32.51958,-91.10773,906
33291,Pallid,11/7/2013,10:13,TV,1,459,1.5,16.1,16.1,14.9,2.2,0.6,32.51408,-91.109139,765
34896,Pallid,11/7/2013,10:13,TV,1,459,1.5,16.1,16.1,14.9,2.2,0.6,32.51408,-91.109139,696
27782,Pallid,11/7/2013,10:13,TV,1,459,1.5,16.1,16.1,14.9,2.2,0.6,32.51408,-91.109139,694
34959,Pallid,11/7/2013,10:44,TV,1,457,1.5,16.1,16.1,19.4,3.89,1.1,32.50669,-91.11179,783
45187,Pallid,11/7/2013,10:44,TV,1,457,1.5,16.1,16.1,19.4,3.89,1.1,32.50669,-91.11179,751
27765,Pallid,11/7/2013,10:51,TV,1,457,1.5,16.1,16.1,15.4,4.93,1.4,32.50532,-91.11196,776
27802,Pallid,11/7/2013,10:51,TV,1,457,1.5,16.1,16.1,15.4,4.93,1.4,32.50532,-91.11196,695
33289,Pallid,11/7/2013,14:57,TV,1,455,1.5,16.2,16.1,14.3,6.08,1.7,32.38437,-90.99734,760
33288,Pallid,11/7/2013,15:08,TV,1,445,1.5,16.2,16.1,20.1,4.97,1.4,32.37485,-91.00135,773
27830,Pallid,11/7/2013,15:28,TV,1,444,1.5,16.2,16.1,20.9,4.57,1.3,32.36249,-91.00362,710
33290,Pallid,11/7/2013,15:28,TV,1,444,1.5,16.2,16.1,20.9,4.57,1.3,32.36249,-91.00362,803
34894,Pallid,11/7/2013,11:03,TV,1,457,1.5,16.1,16.1,16.9,,,32.497778,-91.115194,721
34222,Pallid,11/7/2013,9:16,TV,1,463,1.5,16.1,16.1,4.4,3.4,0.9,32.58216,-91.11968,923
27769,Pallid,11/7/2013,10:29,TV,1,457,1.5,16.2,16.1,16.3,4.6,1.3,32.50948,-91.10964,707
27796,Pallid,11/7/2013,11:20,TV,2,456,1.5,16.2,16.1,7.3,3.9,1.1,32.49211,-91.11323,703
33290,Pallid,11/7/2013,15:17,TV,4,445,1.5,16.4,16.1,15.2,3.1,0.9,32.36817,-91.00078,803
27812,Pallid,11/7/2013,15:29,TV,4,445,1.5,16.4,16.1,12.2,2.8,0.8,32.36607,-91.00101,772
33293,Pallid,11/7/2013,15:29,TV,4,445,1.5,16.4,16.1,12.2,2.8,0.8,32.36607,-91.00101,715
27785,Pallid,11/7/2013,13:31,TV,3,452,1.5,16.3,16.1,6,3,0.8,32.44653,-91.07313,690
34927,Pallid,11/7/2013,15:17,TV,4,445,1.5,16.4,16.1,15.2,3.1,0.9,32.36817,-91.00078,732
27835,Pallid,11/8/2013,7:56,TV,4,441,2.0,15.8,16.1,10.5,3.2,0.9,32.34895,-90.96597,719
27826,Pallid,11/8/2013,8:55,TV,1,436,2.0,15.8,16.1,12.2,2.95,0.8,32.32484,-90.90121,698
65256,Pallid,11/30/2013,11:15,CP,1,572,2.8,8.6,11.7,18.9,3.56,1.0,33.69982,-91.21582,723
34213,Pallid,11/30/2013,9:26,CP,1,575,2.8,8.4,11.7,,,,33.70558,-91.15933,734
34217,Pallid,11/30/2013,8:20,CP,2,579,2.8,8.4,11.7,4.8,3.5,1.0,33.76279,-91.12489,738
33304,Pallid,11/30/2013,10:49,CP,5,572,2.8,8.7,11.7,9.6,2.2,0.6,33.7032,-91.20872,830
34259,Pallid,11/30/2013,11:30,CP,1,571,2.8,8.6,11.7,11,3.9,1.1,33.69467,-91.22494,813
54712,Pallid,11/30/2013,12:12,CP,2,567,2.8,8.5,11.7,9.5,3.4,0.9,33.65816,-91.20188,871
27815,Pallid,11/30/2013,12:34,CP,1,567,2.8,8.5,11.7,22.2,4.8,1.3,33.6556,-91.19379,724
27294,Pallid,11/30/2013,12:34,CP,1,567,2.8,8.5,11.7,22.2,4.8,1.3,33.6556,-91.19379,787
65260,Pallid,11/30/2013,14:45,CP,2,561,2.8,8.7,11.7,4.8,3.8,1.1,33.59992,-91.13339,735
45187,Pallid,12/9/2013,12:15,TV,1,456,3.8,7.6,7.8,15.7,5.5,1.5,32.48782,-91.11651,751
34959,Pallid,12/9/2013,10:58,TV,1,463,3.8,7.6,7.8,8.9,4.8,1.3,32.56925,-91.10589,783
27794,Pallid,12/9/2013,10:58,TV,1,463,3.8,7.6,7.8,8.9,4.8,1.3,32.56925,-91.10589,873
34887,Pallid,12/9/2013,11:47,TV,1,458,3.8,7.7,7.8,18.1,5.5,1.5,32.50689,-91.11039,906
34896,Pallid,12/9/2013,11:47,TV,1,458,3.8,7.7,7.8,18.1,5.5,1.5,32.50689,-91.11039,696
27802,Pallid,12/9/2013,12:23,TV,1,456,3.8,7.7,7.8,14.7,4.5,1.3,32.48095,-91.11456,695
34894,Pallid,12/9/2013,12:34,TV,1,455,3.8,7.7,7.8,12.3,3.7,1.0,32.47523,-91.11009,721
33291,Pallid,12/9/2013,13:12,TV,1,454,3.8,7.6,7.8,12.6,4.1,1.1,32.45904,-91.09309,765
33307,Pallid,12/9/2013,11:36,TV,1,458,3.8,7,7.8,12.1,5.36,1.5,32.51422,-91.10992,802
45186,Pallid,12/9/2013,11:55,TV,4,457,3.8,7,7.8,,,,32.50054,-91.11735,683
27782,Pallid,12/9/2013,10:54,TV,1,463,3.8,7,7.8,9.4,3.85,1.1,32.56906,-91.10794,694
27769,Pallid,12/9/2013,,TV,1,457,3.8,6.9,7.8,22.9,4.1,1.1,32.49984,-91.11626,707
33288,Pallid,12/9/2013,1:41,TV,1,453,3.8,6.6,7.8,16.1,4.21,1.2,32.44351,-91.07115,773
33293,Pallid,12/9/2013,2:43,TV,1,445,3.8,6.7,7.8,13.2,3.1,0.9,32.38456,-90.99834,715
34231,Pallid,12/10/2013,10:07,TV,1,444,3.7,6.8,7.8,25.5,4.79,1.3,32.36524,-91.00466,710
27830,Pallid,12/10/2013,10:14,TV,1,444,3.7,6.7,7.8,29.7,4.14,1.2,32.36184,-91.0054,710
27826,Pallid,12/10/2013,12:06,TV,1,436,3.7,6.7,7.8,25.2,4.43,1.2,32.32316,-90.90111,698
27835,Pallid,12/10/2013,11:03,TV,1,442,3.7,7.3,7.8,15.8,4.3,1.2,32.34958,-90.97525,719
27812,Pallid,12/10/2013,10:44,TV,1,443,3.7,7.2,7.8,11.4,4.1,1.1,32.35428,-90.99416,772
33290,Pallid,12/10/2013,9:56,TV,1,445,3.7,7.4,7.8,19.3,7.2,2.0,32.37774,-90.99929,803
54712,Pallid,12/12/2013,11:28,CP,1,567,2.8,5.8,7.8,20.6,4,1.1,33.65641,-91.19342,871
34213,Pallid,12/12/2013,8:43,CP,1,574,2.8,5.7,7.8,17.3,3.1,0.9,33.70569,-91.15884,734
27810,Pallid,12/12/2013,8:25,CP,2,576,2.8,5.7,7.8,5.8,2.9,0.8,33.72708,-91.14525,707
27334,Pallid,12/12/2013,8:25,CP,2,576,2.8,5.7,7.8,5.8,2.9,0.8,33.72708,-91.14525,645
27815,Pallid,12/12/2013,10:42,CP,2,567,2.8,5.9,7.8,10,3.7,1.0,33.65819,-91.20431,724
27294,Pallid,12/12/2013,11:33,CP,1,567,2.8,5.8,7.8,21.8,5.8,1.6,33.65552,-91.19047,787
65250,Pallid,12/12/2013,14:23,CP,1,555,2.8,6,7.8,17,3.5,1.0,33.57002,-91.22336,745
34259,Pallid,12/12/2013,10:08,CP,5,571,2.8,5.8,7.8,11.6,4.03,1.1,33.69524,-91.22562,813
27335,Pallid,12/12/2013,8:00,CP,2,577,2.8,5.6,7.8,11.1,4.46,1.2,33.74646,-91.14151,740
33304,Pallid,12/12/2013,9:31,CP,1,572,2.8,5.8,7.8,15.4,3.53,1.0,33.7018,-91.21023,830
65256,Pallid,12/12/2013,9:43,CP,1,571,2.8,5.9,7.8,16.4,3.78,1.1,33.7011,-91.21487,723
27762,Pallid,1/17/2014,11:08,TV,1,461,7.8,4.2,4.4,23.5,5.5,1.5,32.55077,-91.09519,910
27769,Pallid,1/17/2014,12:28,TV,3,456,7.8,4.3,4.4,7.1,4.1,1.1,32.48528,-91.11289,707
45187,Pallid,1/17/2014,13:22,TV,3,455,7.8,4.3,4.4,11.5,4,1.1,32.46684,-91.10036,751
27796,Pallid,1/17/2014,15:38,TV,1,444,7.8,4.5,4.4,32.2,3,0.8,32.36728,-91.0055,703
27830,Pallid,1/17/2014,15:42,TV,1,444,7.8,4.4,4.4,39.3,2,0.6,32.36402,-91.00519,710
33289,Pallid,1/17/2014,15:46,TV,1,444,7.8,4.4,4.4,32.5,3.6,1.0,32.36215,-91.0044,760
34231,Pallid,1/17/2014,16:17,TV,1,443,7.8,4.3,4.4,,,,32.35551,-90.99731,710
34896,Pallid,1/17/2014,11:26,TV,6,460,7.8,4.2,4.4,9.3,4.18,1.2,32.52772,-91.10852,696
45186,Pallid,1/17/2014,11:46,TV,1,459,7.8,4.2,4.4,21.2,7.16,2.0,32.51315,-91.1089,683
27765,Pallid,1/17/2014,12:34,TV,5,457,7.8,4.2,4.4,12.2,2.52,0.7,32.48856,-91.11977,776
33290,Pallid,1/17/2014,15:30,TV,1,444,7.8,4.2,4.4,23.9,6,1.7,32.37332,-91.00396,803
33291,Pallid,1/17/2014,14:56,TV,2,445,7.8,4.2,4.4,7.9,3.42,1.0,32.38919,-90.99673,765
34895,Pallid,1/18/2014,9:46,TV,2,436,7.6,3.9,4.4,4.3,2.66,0.7,32.31667,-90.90863,892
27810,Pallid,2/6/2014,10:07,CP,7,576,3.4,2.2,3.3,9.4,3.9,1.1,33.72519,-91.14583,707
27335,Pallid,2/6/2014,10:07,CP,7,576,3.4,2.2,3.3,9.4,3.9,1.1,33.72519,-91.14583,740
34213,Pallid,2/6/2014,10:31,CP,5,575,3.4,2.1,3.3,6.1,3.3,0.9,33.70532,-91.15835,734
27815,Pallid,2/6/2014,12:28,CP,1,567,3.4,2.2,3.3,21.8,,,33.65618,-91.19198,724
27824,Pallid,2/6/2014,12:28,CP,1,567,3.4,2.2,3.3,21.8,,,33.65618,-91.19198,653
54712,Pallid,2/6/2014,12:41,CP,1,567,3.4,2.3,3.3,22.4,5.4,1.5,33.65432,-91.18805,871
27294,Pallid,2/6/2014,13:42,CP,1,565,3.4,2.4,3.3,17.3,5.3,1.5,33.64529,-91.16667,787
48386,Pallid,2/6/2014,14:37,CP,4,559,3.4,2.4,3.3,7.2,4,1.1,33.5776,-91.16049,681
27827,Pallid,2/6/2014,15:11,CP,2,556,3.4,2.5,3.3,6.3,3.53,1.0,33.57107,-91.19984,733
27334,Pallid,2/6/2014,11:12,CP,5,572,3.4,2.7,3.3,17.2,2.27,0.6,33.70286,-91.20874,645
65256,Pallid,2/6/2014,11:21,CP,1,572,3.4,2.6,3.3,19.9,4.14,1.2,33.70039,-91.21558,723
34259,Pallid,2/6/2014,11:41,CP,5,571,3.4,2.3,3.3,12.1,3.49,1.0,33.69472,-91.2255,813
33304,Pallid,2/6/2014,13:09,CP,1,566,3.4,2.4,3.3,17.5,3.78,1.1,33.65097,-91.18007,830
27827,Pallid,2/24/2014,14:42,CP,2,556,4.6,5.9,3.9,8,2.02,0.6,33.57309,-91.19997,733
65253,Pallid,2/24/2014,11:12,CP,1,571,4.6,5.8,3.9,20.6,5.15,1.4,33.69688,-91.22278,710
54712,Pallid,2/24/2014,12:44,CP,1,566,4.6,5.8,3.9,14.4,4.36,1.2,33.6485,-91.17841,871
34213,Pallid,2/24/2014,9:24,CP,5,575,4.6,5.5,3.9,9.8,4.7,1.3,33.70538,-91.15876,734
34217,Pallid,2/24/2014,8:44,CP,7,576,4.6,5.5,3.9,7.9,3,0.8,33.7211,-91.14672,738
27824,Pallid,2/24/2014,11:14,CP,1,567,4.6,5.7,3.9,22.3,3.6,1.0,33.65682,-91.19275,653
27815,Pallid,2/24/2014,11:14,CP,1,567,4.6,5.7,3.9,22.3,3.6,1.0,33.65682,-91.19275,724
27335,Pallid,2/24/2014,10:45,CP,7,567,4.6,5.7,3.9,13.2,4.8,1.3,33.65794,-91.20136,740
27829,Pallid,2/24/2014,14:47,CP,4,555,4.6,6.2,3.9,13.4,3,0.8,33.57309,-91.21207,726
27334,Pallid,2/24/2014,10:11,CP,1,571,4.6,5.8,3.9,18.5,3.92,1.1,33.70209,-91.21067,645
65256,Pallid,2/24/2014,10:59,CP,1,571,4.6,5.8,3.9,21.6,3.67,1.0,33.70051,-91.21558,723
27294,Pallid,2/24/2014,13:00,CP,5,565,4.6,5.8,3.9,16.3,5.8,1.6,33.64515,-91.16211,787
65260,Pallid,2/24/2014,14:28,CP,1,555,4.6,5.8,3.9,15.9,5.5,1.5,33.56963,-91.21875,735
33304,Pallid,2/24/2014,12:26,CP,1,566,4.6,5.8,3.9,21.4,4.2,1.2,33.65403,-91.18299,830
27327,Pallid,2/24/2014,8:20,CP,1,579,4.6,5.5,3.9,13.7,7.31,2.0,33.76186,-91.12964,756
27762,Pallid,2/27/2014,11:50,TV,1,462,6.3,5.9,6.1,10.4,6.6,1.8,32.56886,-91.10594,910
27782,Pallid,2/27/2014,12:29,TV,1,462,6.3,5.9,6.1,17,6.3,1.8,32.5612,-91.09934,694
27769,Pallid,2/27/2014,13:33,TV,4,457,6.3,6,6.1,8.9,0.6,0.2,32.49588,-91.11124,707
27785,Pallid,2/27/2014,13:33,TV,4,457,6.3,6,6.1,8.9,0.6,0.2,32.49588,-91.11124,690
27794,Pallid,2/27/2014,11:12,TV,2,461,6.3,5.8,6.1,5,2.48,0.7,32.536,-91.10069,873
34896,Pallid,2/27/2014,11:12,TV,2,461,6.3,5.8,6.1,5,2.48,0.7,32.536,-91.10069,696
27765,Pallid,2/27/2014,12:24,TV,1,458,6.3,5.8,6.1,20.1,6.3,1.8,32.50631,-91.112,776
34928,Pallid,2/28/2014,15:02,TV,3,432,6.9,5.8,6.1,16.5,2.8,0.8,32.27363,-90.96036,967
27826,Pallid,2/28/2014,15:21,TV,3,432,6.9,5.8,6.1,22.7,5.7,1.6,32.27251,-90.95977,698
34231,Pallid,2/28/2014,9:38,TV,2,444,6.9,5.9,6.1,12,,,32.36349,-91.00074,710
27812,Pallid,2/28/2014,12:00,TV,4,441,6.9,5.9,6.1,22.2,0,0.0,32.34493,-90.97239,772
27802,Pallid,2/28/2014,14:52,TV,3,432,6.9,6,6.1,10.3,2,0.6,32.27274,-90.96324,695
34895,Pallid,2/28/2014,13:53,TV,2,436,6.9,5.8,6.1,11.1,4.8,1.3,32.31559,-90.90739,892
27796,Pallid,2/28/2014,11:59,TV,1,442,6.9,5.7,6.1,,,,32.34763,-90.97559,703
27830,Pallid,2/28/2014,10:36,TV,5,444,6.9,5.7,6.1,,,,32.35717,-91.00549,710
34894,Pallid,2/28/2014,8:42,TV,2,447,6.9,5.6,6.1,11.6,4.6,1.3,32.40829,-90.99213,721
33289,Pallid,2/28/2014,9:05,TV,2,446,6.9,5.7,6.1,4.5,2.6,0.7,32.39521,-90.9944,760
33291,Pallid,2/28/2014,9:05,TV,2,446,6.9,5.7,6.1,4.5,2.6,0.7,32.39521,-90.9944,765
34217,Pallid,3/11/2014,10:14,CP,2,573,7.4,5.1,4.4,5.9,2.7,0.8,33.70513,-91.18573,738
65256,Pallid,3/11/2014,11:41,CP,1,571,7.4,5.3,4.4,22.9,3.13,0.9,33.70034,-91.21663,723
65253,Pallid,3/11/2014,12:04,CP,1,571,7.4,5.2,4.4,24.5,4.75,1.3,33.69677,-91.22285,710
34259,Pallid,3/11/2014,12:13,CP,1,571,7.4,5.3,4.4,19.8,4.14,1.2,33.69533,-91.22513,813
48385,Pallid,3/11/2014,16:29,CP,6,561,7.4,5.3,4.4,5.8,3.31,0.9,33.59893,-91.16152,753
27829,Pallid,3/11/2014,15:40,CP,4,556,7.4,5.4,4.4,13.3,4.3,1.2,33.57336,-91.20091,726
27827,Pallid,3/11/2014,15:40,CP,4,556,7.4,5.4,4.4,13.3,4.3,1.2,33.57336,-91.20091,733
65260,Pallid,3/11/2014,15:48,CP,4,556,7.4,5.6,4.4,15,2,0.6,33.57346,-91.21145,735
48386,Pallid,3/11/2014,16:38,CP,2,557,7.4,5.5,4.4,6,4.5,1.3,33.57359,-91.17852,681
27810,Pallid,3/11/2014,10:07,CP,4,576,7.4,5,4.4,,,,33.71974,-91.14654,707
34213,Pallid,3/11/2014,10:25,CP,5,575,7.4,5,4.4,19.2,3.6,1.0,33.70595,-91.15789,734
33304,Pallid,3/11/2014,11:13,CP,3,571,7.4,5,4.4,8.2,5,1.4,33.68817,-91.22175,830
27824,Pallid,3/11/2014,12:36,CP,4,567,7.4,5.3,4.4,13.7,0.6,0.2,33.65686,-91.18875,653
27815,Pallid,3/11/2014,12:36,CP,4,567,7.4,5.3,4.4,13.7,0.6,0.2,33.65686,-91.18875,724
27828,Pallid,3/11/2014,13:38,CP,4,566,7.4,5.4,4.4,4.6,1,0.3,33.65487,-91.17955,680
27821,Pallid,3/11/2014,13:38,CP,4,566,7.4,5.4,4.4,4.6,1,0.3,33.65487,-91.17955,695
27335,Pallid,3/11/2014,12:11,CP,7,567,7.4,5.3,4.4,7,2.6,0.7,33.65888,-91.19914,740
27769,Pallid,3/13/2014,13:09,TV,3,457,8.5,6.3,4.4,13.9,5,1.4,32.49481,-91.11232,707
34887,Pallid,3/13/2014,14:04,TV,2,455,8.5,6.4,4.4,8.4,,,32.4687,-91.1008,906
27785,Pallid,3/13/2014,14:53,TV,4,455,8.5,6.4,4.4,11.3,3.3,0.9,32.46414,-91.09611,690
34231,Pallid,3/13/2014,16:07,TV,1,443,8.5,6.4,4.4,11.7,5.1,1.4,32.35771,-90.99893,710
27782,Pallid,3/13/2014,11:45,TV,1,463,8.5,6.2,4.4,12,7.1,2.0,32.56997,-91.10681,694
34896,Pallid,3/13/2014,12:05,TV,2,460,8.5,6,4.4,4.3,2.45,0.7,32.53453,-91.102,696
27794,Pallid,3/13/2014,12:29,TV,6,460,8.5,6.3,4.4,2.3,2.23,0.6,32.53674,-91.10863,873
27765,Pallid,3/13/2014,14:16,TV,1,457,8.5,6.4,4.4,18.8,2.2,0.6,32.48598,-91.11941,776
45187,Pallid,3/13/2014,15:15,TV,1,453,8.5,6.2,4.4,20.7,5.11,1.4,32.44776,-91.08379,751
34894,Pallid,3/13/2014,16:22,TV,1,447,8.5,6.2,4.4,14.9,5.69,1.6,32.40631,-90.99163,721
33289,Pallid,3/13/2014,18:06,TV,1,444,8.5,6.4,4.4,32.2,0.61,0.2,32.36362,-91.00677,760
27830,Pallid,3/13/2014,18:06,TV,1,444,8.5,6.4,4.4,32.2,0.61,0.2,32.36362,-91.00677,710
27812,Pallid,3/14/2014,9:14,TV,1,439,8.3,6.7,4.4,18.4,5.8,1.6,32.34773,-90.92986,772
27835,Pallid,3/14/2014,9:52,TV,5,438,8.3,6.7,4.4,15.8,4.6,1.3,32.34476,-90.9117,719
48386,Pallid,4/17/2014,14:37,CP,1,558,9.5,13.7,13.9,13.2,6.88,1.9,33.57101,-91.17336,681
65260,Pallid,4/17/2014,14:52,CP,7,558,9.5,13.9,13.9,12.1,2.81,0.8,33.57599,-91.16792,735
34217,Pallid,4/17/2014,10:28,CP,6,576,9.5,13.8,13.9,5.5,3.56,1.0,33.71569,-91.17754,738
65253,Pallid,4/17/2014,12:00,CP,1,572,9.5,13.7,13.9,25.8,5.36,1.5,33.69674,-91.22232,710
65250,Pallid,4/17/2014,14:04,CP,4,559,9.5,13.9,13.9,6.7,2.12,0.6,33.57699,-91.1643,745
27334,Pallid,4/17/2014,11:47,CP,1,572,9.5,13.8,13.9,26.8,4,1.1,33.70143,-91.21275,645
33304,Pallid,4/17/2014,12:29,CP,7,567,9.5,13.6,13.9,3.4,0.4,0.1,33.65824,-91.19432,830
54712,Pallid,4/17/2014,13:19,CP,1,566,9.5,13.7,13.9,20.7,3,0.8,33.65115,-91.17328,871
27335,Pallid,4/17/2014,13:19,CP,1,566,9.5,13.7,13.9,20.7,3,0.8,33.65115,-91.17328,740
27821,Pallid,4/17/2014,12:55,CP,4,567,9.5,13.8,13.9,14.2,1.2,0.3,33.6569,-91.18967,695
27815,Pallid,4/17/2014,12:55,CP,4,567,9.5,13.8,13.9,14.2,1.2,0.3,33.6569,-91.18967,724
27826,Pallid,4/23/2014,17:09,TV,1,441,11.1,16.4,13.9,15.7,3.2,0.9,32.34929,-90.9551,698
27802,Pallid,4/23/2014,16:35,TV,2,442,11.1,16.6,13.9,16.5,7,1.9,32.35349,-90.98783,695
33290,Pallid,4/23/2014,14:23,TV,3,449,11.1,16.4,13.9,16.7,6.4,1.8,32.42746,-91.01324,803
33293,Pallid,4/23/2014,15:36,TV,6,447,11.1,16.5,13.9,5,4.7,1.3,32.40228,-91.00604,715
33307,Pallid,4/23/2014,15:36,TV,6,447,11.1,16.5,13.9,5,4.7,1.3,32.40228,-91.00604,802
33289,Pallid,4/23/2014,15:36,TV,6,447,11.1,16.5,13.9,5,4.7,1.3,32.40228,-91.00604,760
27796,Pallid,4/23/2014,16:12,TV,5,444,11.1,16.4,13.9,10.8,1.7,0.5,32.35827,-91.00725,703
34887,Pallid,4/23/2014,13:45,TV,2,453,11.1,16.5,13.9,11.4,5.8,1.6,32.44738,-91.07106,906
34927,Pallid,4/23/2014,13:14,TV,6,455,11.1,16.4,13.9,8.2,3.1,0.9,32.4716,-91.09721,732
45187,Pallid,4/23/2014,13:37,TV,1,453,11.1,16.3,13.9,16,6.8,1.9,32.44987,-91.0801,751
27834,Pallid,4/23/2014,10:06,TV,3,466,11.1,16.2,13.9,11.9,2.8,0.8,32.59906,-91.13399,740
27765,Pallid,4/23/2014,12:39,TV,5,457,11.1,16.3,13.9,11.6,0,0.0,32.49578,-91.12047,776
27810,Pallid,5/16/2014,10:24,CP,4,573,7.4,20.1,20.6,13,2.63,0.7,33.7046,-91.19423,707
27822,Pallid,5/16/2014,15:19,CP,6,563,7.4,20,20.6,6.6,4.36,1.2,33.61991,-91.16045,690
48385,Pallid,5/16/2014,13:38,CP,6,561,7.4,20,20.6,5.6,3.53,1.0,33.59662,-91.16167,753
27815,Pallid,5/16/2014,12:48,CP,1,567,7.4,19.8,20.6,25,6.4,1.8,33.65528,-91.19131,724
33304,Pallid,5/16/2014,11:18,CP,7,567,7.4,19.8,20.6,17,3.1,0.9,33.65754,-91.19386,830
27828,Pallid,5/16/2014,12:05,CP,4,567,7.4,20,20.6,6.5,1,0.3,33.65745,-91.18827,680
34213,Pallid,5/16/2014,9:36,CP,5,574,7.4,19.7,20.6,9.9,2.2,0.6,33.70528,-91.15847,734
27335,Pallid,5/16/2014,13:45,CP,5,555,7.4,20,20.6,14.9,1.5,0.4,33.65161,-91.17013,740
27819,Pallid,5/16/2014,13:45,CP,5,555,7.4,20,20.6,14.9,1.5,0.4,33.65161,-91.17013,748
34927,Pallid,5/25/2014,11:35,TV,3,458,9.3,21.2,20.6,17.2,7.8,2.2,32.50019,-91.11164,732
27834,Pallid,5/25/2014,10:05,TV,3,466,9.3,21.1,20.6,12.9,5.2,1.4,32.59146,-91.12927,740
27802,Pallid,5/25/2014,10:05,TV,3,466,9.3,21.1,20.6,12.9,5.2,1.4,32.59146,-91.12927,695
27762,Pallid,5/25/2014,10:43,TV,1,462,9.3,21.1,20.6,12.8,6.1,1.7,32.56309,-91.10386,910
45186,Pallid,5/25/2014,10:43,TV,1,462,9.3,21.1,20.6,12.8,6.1,1.7,32.56309,-91.10386,683
27826,Pallid,5/25/2014,15:45,TV,5,440,9.3,21.5,20.6,10.5,4.8,1.3,32.34981,-90.94393,698
45187,Pallid,5/25/2014,13:04,TV,3,453,9.3,21.3,20.6,11.3,5.7,1.6,32.44995,-91.07744,751
27785,Pallid,5/25/2014,13:41,TV,3,449,9.3,21.3,20.6,17.4,6,1.7,32.42948,-91.01524,690
33289,Pallid,5/25/2014,14:16,TV,2,446,9.3,21.5,20.6,5.6,3.67,1.0,32.38695,-91.00081,760
27796,Pallid,5/25/2014,14:48,TV,5,444,9.3,21.8,20.6,22.9,0.9,0.3,32.35912,-91.00813,703
33291,Pallid,5/25/2014,13:46,TV,1,449,9.3,21.4,20.6,13.9,6.73,1.9,32.42525,-91.101013,765
33290,Pallid,5/25/2014,13:46,TV,1,449,9.3,21.4,20.6,,,,32.42525,-91.101013,803
34896,Pallid,5/25/2014,11:06,TV,2,460,9.3,21.3,20.6,7.8,3.92,1.1,32.53132,-91.10198,696
27769,Pallid,5/25/2014,11:36,TV,2,458,9.3,21.6,20.6,10.5,0.68,0.2,32.50951,-91.11349,707
27834,Pallid,7/7/2014,11:50,TV,3,466,8.4,28,27.8,11.7,4.4,1.2,32.59226,-91.13084,740
27802,Pallid,7/7/2014,11:50,TV,3,466,8.4,28,27.8,11.7,4.4,1.2,32.59226,-91.13084,695
48392,Pallid,7/7/2014,12:23,TV,3,462,8.4,28,27.8,10,7,1.9,32.56329,-91.11011,774
34927,Pallid,7/7/2014,12:23,TV,3,462,8.4,28,27.8,10,7,1.9,32.56329,-91.11011,732
27762,Pallid,7/7/2014,12:23,TV,3,462,8.4,28,27.8,10,7,1.9,32.56329,-91.11011,910
45186,Pallid,7/7/2014,12:23,TV,3,462,8.4,28,27.8,10,7,1.9,32.56329,-91.11011,683
34896,Pallid,7/7/2014,12:53,TV,2,460,8.4,28,27.8,5.6,3.5,1.0,32.52926,-91.10286,696
45187,Pallid,7/7/2014,13:55,TV,1,457,8.4,28.2,27.8,8,3.2,0.9,32.4955,-91.11965,751
33291,Pallid,7/7/2014,15:28,TV,1,448,8.4,28.1,27.8,16.1,5.4,1.5,32.42786,-91.01101,765
33289,Pallid,7/7/2014,16:18,TV,2,445,8.4,28.3,27.8,3,,,32.38918,-90.99779,760
34923,Pallid,7/7/2014,18:45,TV,2,435,8.4,28.2,27.8,6.8,1.98,0.6,32.30772,-90.91615,760
27785,Pallid,7/7/2014,15:25,TV,3,449,8.4,27.9,27.8,8.9,4,1.1,32.4316,-91.01749,690
27835,Pallid,7/7/2014,17:01,TV,2,442,8.4,28,27.8,12.7,3.2,0.9,32.34986,-90.96759,719
48385,Pallid,7/8/2014,13:10,CP,6,560,7.1,28,27.8,5.4,3.53,1.0,33.59808,-91.16142,753
34232,Pallid,7/8/2014,11:27,CP,5,572,7.1,28,27.8,7.4,2.38,0.7,33.70069,-91.21734,722
65256,Pallid,7/8/2014,11:27,CP,5,572,7.1,28,27.8,7.4,2.38,0.7,33.70069,-91.21734,723
34259,Pallid,7/8/2014,11:40,CP,1,571,7.1,28.1,27.8,15.3,4.21,1.2,33.69546,-91.22445,813
27810,Pallid,7/8/2014,11:05,CP,2,572,7.1,28.2,27.8,8.7,1.04,0.3,33.70473,-91.1984,707
27818,Pallid,7/8/2014,11:17,CP,1,572,7.1,28.2,27.8,20.2,,,33.70239,-91.20877,740
27294,Pallid,7/8/2014,11:17,CP,1,572,7.1,28.2,27.8,20.2,,,33.70239,-91.20877,787
34213,Pallid,7/8/2014,10:24,CP,5,574,7.1,27.8,27.8,17.9,3.46,1.0,33.70565,-91.15852,734
27335,Pallid,7/8/2014,10:48,CP,7,573,7.1,28.2,27.8,6.5,0.61,0.2,33.70517,-91.19316,740
33293,Pallid,8/12/2014,15:27,TV,1,442,3.3,28,28.3,29,5,1.4,32.3486,-90.98046,715
33289,Pallid,8/12/2014,14:20,TV,2,445,3.3,28,28.3,10.8,2.52,0.7,32.38772,-90.99644,760
33290,Pallid,8/12/2014,14:39,TV,1,444,3.3,28.1,28.3,26.5,4.36,1.2,32.3675,-91.00507,803
45187,Pallid,8/12/2014,11:42,TV,1,457,3.3,27.9,28.3,19.7,4.28,1.2,32.49795,-91.11691,751
33288,Pallid,8/12/2014,14:02,TV,2,446,3.3,27.9,28.3,5.7,5.6,1.6,32.40738,-90.99269,773
34887,Pallid,8/12/2014,10:49,TV,7,460,3.3,27.8,28.3,5.7,2.99,0.8,32.52186,-91.10549,906
34896,Pallid,8/12/2014,11:19,TV,1,458,3.3,27.8,28.3,19,4.9,1.4,32.50633,-91.11293,696
27796,Pallid,8/12/2014,11:38,TV,1,457,3.3,27.8,28.3,20,4.68,1.3,32.49975,-91.1158,703
34896,Pallid,8/12/2014,11:38,TV,1,457,3.3,27.8,28.3,20,4.68,1.3,32.49975,-91.1158,696
34231,Pallid,8/12/2014,14:08,TV,1,442,3.3,28,28.3,6.1,4,1.1,32.3563,-90.99781,710
33291,Pallid,8/12/2014,11:51,TV,1,453,3.3,28,28.3,7.3,3.2,0.9,32.44456,-91.06617,765
27765,Pallid,8/12/2014,10:43,TV,4,457,3.3,27.9,28.3,7.2,2.2,0.6,32.49658,-91.11116,776
27796,Pallid,8/12/2014,10:23,TV,1,457,3.3,27.9,28.3,12.1,3.7,1.0,32.50409,-91.11031,703
27782,Pallid,8/12/2014,9:19,TV,4,463,3.3,27.8,28.3,7.1,4,1.1,32.57772,-91.1143,694
34259,Pallid,8/14/2014,11:10,CP,1,570,2.7,28.3,28.3,12,4.8,1.3,33.69472,-91.22628,813
27821,Pallid,8/14/2014,12:29,CP,4,566,2.7,28.4,28.3,13.8,0,0.0,33.65002,-91.18468,695
27818,Pallid,8/14/2014,10:42,CP,1,571,2.7,28.2,28.3,12.8,3.7,1.0,33.70198,-91.20529,740
27810,Pallid,8/14/2014,10:09,CP,1,572,2.7,28.3,28.3,13.7,5.8,1.6,33.702705,-91.1892,707
27822,Pallid,8/14/2014,14:42,CP,1,556,2.7,28.5,28.3,10.6,4.03,1.1,33.57156,-91.20875,690
27819,Pallid,8/14/2014,12:40,CP,4,565,2.7,28.3,28.3,9.7,3.6,1.0,33.65074,-91.16981,748
34213,Pallid,8/14/2014,9:48,CP,5,575,2.7,28.1,28.3,12.2,3.3,0.9,33.70533,-91.15882,734
27294,Pallid,8/14/2014,10:43,CP,1,572,2.7,28.1,28.3,16.3,4,1.1,33.70039,-91.21336,787
54689,Pallid,8/14/2014,10:37,CP,1,572,2.7,28.1,28.3,12.6,4.2,1.2,33.69966,-91.21108,758
27336,Pallid,8/14/2014,11:28,CP,2,570,2.7,28.2,28.3,6.2,3.56,1.0,33.6768,-91.22751,701
27828,Pallid,8/14/2014,12:20,CP,1,566,2.7,28.4,28.3,14.6,,,33.65557,-91.1847,680
27815,Pallid,8/14/2014,12:20,CP,1,566,2.7,28.4,28.3,14.6,,,33.65557,-91.1847,724
27335,Pallid,8/14/2014,10:20,CP,1,572,2.7,28.2,28.3,16.7,4.46,1.2,33.70183,-91.19846,740
27821,Pallid,9/4/2014,11:50,CP,1,566,3.1,29,29.4,19.3,4.86,1.4,33.65487,-91.18445,695
27815,Pallid,9/4/2014,12:01,CP,1,566,3.1,29,29.4,17,3.31,0.9,33.65284,-91.17835,724
27332,Pallid,9/4/2014,12:01,CP,1,566,3.1,29,29.4,17,3.31,0.9,33.65284,-91.17835,717
34213,Pallid,9/4/2014,9:17,CP,1,575,3.1,29,29.4,16.1,4.93,1.4,33.70557,-91.15893,734
27294,Pallid,9/4/2014,11:20,CP,7,567,3.1,29,29.4,17.6,3.78,1.1,33.65712,-91.19472,787
27810,Pallid,9/4/2014,9:55,CP,4,572,3.1,29,29.4,13.8,2.6,0.7,33.70355,-91.19922,707
27335,Pallid,9/4/2014,9:55,CP,4,572,3.1,29,29.4,13.8,2.6,0.7,33.70355,-91.19922,740
65256,Pallid,9/4/2014,10:16,CP,1,571,3.1,29,29.4,12.3,3.1,0.9,33.70113,-91.20526,723
34259,Pallid,9/4/2014,10:49,CP,1,570,3.1,29,29.4,13,4.5,1.3,33.69499,-91.22565,813
34241,Pallid,9/4/2014,12:53,CP,2,561,3.1,29.1,29.4,3.5,3.4,0.9,33.60683,-91.13344,970
34259,Pallid,9/4/2014,10:49,CP,1,570,3.1,29,29.4,13,4.5,1.3,33.69499,-91.22565,813
27812,Pallid,9/26/2014,15:45,TV,1,436,5.8,22.8,23.3,27,4.9,1.4,32.32262,-90.90087,772
33290,Pallid,9/26/2014,13:50,TV,1,445,5.8,23.1,23.3,23.3,4.57,1.3,32.3715,-91.00457,803
27785,Pallid,9/26/2014,11:40,TV,1,455,5.8,22.5,23.3,17.7,5,1.4,32.45634,-91.09712,690
33289,Pallid,9/26/2014,13:25,TV,2,446,5.8,22.6,23.3,7.1,2.59,0.7,32.39306,-90.99411,760
27769,Pallid,9/26/2014,10:21,TV,1,457,5.8,22.5,23.3,18.3,5.8,1.6,32.48453,-91.11674,707
45186,Pallid,9/26/2014,11:18,TV,6,460,5.8,22.6,23.3,4,3,0.8,32.52511,-91.10945,683
34887,Pallid,9/26/2014,9:34,TV,7,460,5.8,22.4,23.3,8.1,3.74,1.0,32.52298,-91.10561,906
27835,Pallid,9/26/2014,15:51,TV,1,440,5.8,22.7,23.3,17.7,5,1.4,32.34898,-90.96685,719
34231,Pallid,9/26/2014,14:23,TV,2,442,5.8,22.8,23.3,7.5,3.5,1.0,32.35316,-90.98997,710
33288,Pallid,9/26/2014,13:06,TV,5,447,5.8,22.7,23.3,15,4,1.1,32.41906,-90.99743,773
33291,Pallid,9/26/2014,11:48,TV,2,452,5.8,22.8,23.3,11,5.1,1.4,32.45234,-91.08185,765
45187,Pallid,9/26/2014,12:02,TV,1,451,5.8,22.6,23.3,13.5,3.5,1.0,32.4449,-91.07241,751
34959,Pallid,9/26/2014,8:23,TV,3,465,5.8,22.5,23.3,8.7,3,0.8,32.59599,-91.13374,783
27802,Pallid,9/26/2014,8:46,TV,3,466,5.8,22.5,23.3,9.3,4,1.1,32.57964,-91.11463,695
27782,Pallid,9/26/2014,8:53,TV,1,463,5.8,22.5,23.3,9.5,3,0.8,32.5745,-91.11064,694
34259,Pallid,10/17/2014,11:55,CP,1,571,5.0,19.4,22.8,16.3,5.1,1.4,33.69419,-91.2265,813
65253,Pallid,10/17/2014,11:50,CP,1,571,5.0,19.4,22.8,17.5,4.7,1.3,33.69647,-91.22345,710
27335,Pallid,10/17/2014,10:39,CP,1,573,5.0,19.5,22.8,11.2,3.9,1.1,33.70392,-91.19066,740
27818,Pallid,10/17/2014,11:10,CP,1,572,5.0,19.3,22.8,15,3.9,1.1,33.7031,-91.20497,740
34213,Pallid,10/17/2014,10:08,CP,5,574,5.0,18.8,22.8,9,2.6,0.7,33.70541,-91.15834,734
27822,Pallid,10/17/2014,14:56,CP,4,555,5.0,19.6,22.8,12,2.5,0.7,33.57306,-91.20608,690
45187,Pallid,10/28/2014,13:10,TV,1,452,7.1,18.2,18.9,15.4,6.01,1.7,32.44623,-91.07866,751
34896,Pallid,10/28/2014,11:26,TV,2,458,7.1,18.3,18.9,10.9,3.28,0.9,32.5153,-91.11033,696
27765,Pallid,10/28/2014,11:48,TV,4,457,7.1,18.2,18.9,11.1,3.64,1.0,32.4975,-91.11795,776
34887,Pallid,10/28/2014,10:41,TV,1,460,7.1,18.1,18.9,15.7,5.66,1.6,32.52129,-91.1042,906
33289,Pallid,10/28/2014,14:48,TV,1,445,7.1,18.4,18.9,25,2.7,0.8,32.3714,-91.00506,760
27796,Pallid,10/28/2014,15:05,TV,1,444,7.1,18.3,18.9,40.4,1.91,0.5,32.36387,-91.00603,703
33307,Pallid,10/28/2014,14:20,TV,3,448,7.1,18.4,18.9,13.2,3.6,1.0,32.4296,-91.01372,802
27785,Pallid,10/28/2014,12:55,TV,4,454,7.1,18.5,18.9,14.3,2.4,0.7,32.45804,-91.09008,690
46956,Pallid,10/28/2014,12:55,TV,4,454,7.1,18.5,18.9,14.3,2.4,0.7,32.45804,-91.09008,678
27782,Pallid,10/28/2014,10:05,TV,1,463,7.1,18.3,18.9,10.4,4.7,1.3,32.57344,-91.10993,694
33291,Pallid,10/28/2014,13:32,TV,1,451,7.1,18.4,18.9,11.1,5.5,1.5,32.44137,-91.06014,765
34231,Pallid,10/28/2014,15:37,TV,1,442,7.1,18,18.9,,,,32.35224,-90.987,710
27819,Pallid,11/7/2014,13:19,CP,5,565,3.1,14.9,16.1,8,2.99,0.8,33.65095,-91.16964,748
27810,Pallid,11/7/2014,9:23,CP,2,576,3.1,14.7,16.1,4.7,3.06,0.9,33.72849,-91.14467,707
34213,Pallid,11/7/2014,9:48,CP,1,575,3.1,14.8,16.1,16.6,4.75,1.3,33.70559,-91.1589,734
27294,Pallid,11/7/2014,12:16,CP,1,571,3.1,14.8,16.1,,,,33.69523,-91.21774,787
27821,Pallid,11/7/2014,12:53,CP,1,566,3.1,15,16.1,18.7,2.45,0.7,33.65511,-91.18445,695
27828,Pallid,11/7/2014,12:53,CP,1,566,3.1,15,16.1,18.7,2.45,0.7,33.65511,-91.18445,680
27815,Pallid,11/7/2014,12:54,CP,1,566,3.1,15,16.1,17.7,2,0.6,33.65212,-91.18843,724
27335,Pallid,11/7/2014,9:44,CP,2,574,3.1,15,16.1,5.4,1.2,0.3,33.71971,-91.15471,740
65256,Pallid,11/7/2014,11:09,CP,5,571,3.1,15.2,16.1,6.5,2.3,0.6,33.70149,-91.21506,723
34259,Pallid,11/7/2014,11:38,CP,1,570,3.1,15.1,16.1,9.5,,,33.69436,-91.22697,813
27812,Pallid,11/13/2014,16:36,TV,1,436,3.4,13.2,15,25.5,4.6,1.3,32.32116,-90.9002,772
27830,Pallid,11/13/2014,15:36,TV,1,441,3.4,13,15,,,,32.34909,-90.96046,710
27835,Pallid,11/13/2014,15:10,TV,4,442,3.4,13,15,15.6,4,1.1,32.34978,-90.97362,719
33291,Pallid,11/13/2014,12:09,TV,1,452,3.4,13,15,9.4,4,1.1,32.44437,-91.06951,765
45187,Pallid,11/13/2014,11:54,TV,2,454,3.4,13,15,11.2,3.2,0.9,32.45682,-91.08964,751
27785,Pallid,11/13/2014,11:54,TV,2,454,3.4,13,15,11.2,3.2,0.9,32.45682,-91.08964,690
34231,Pallid,11/13/2014,14:34,TV,2,443,3.4,13,15,7.6,3.3,0.9,32.36003,-90.99995,710
33290,Pallid,11/13/2014,14:06,TV,5,446,3.4,13,15,6.8,0.5,0.1,32.37008,-90.99927,803
34893,Pallid,11/13/2014,10:50,TV,1,458,3.4,13,15,20.2,6.8,1.9,32.51237,-91.10705,867
27769,Pallid,11/13/2014,9:02,TV,3,466,3.4,13,15,9.6,2.4,0.7,32.61166,-91.14409,707
27835,Pallid,11/13/2014,15:00,TV,5,442,3.4,12.9,15,9.4,1,0.3,32.34663,-90.97704,719
27796,Pallid,11/13/2014,14:12,TV,1,444,3.4,12.9,15,30.1,2.09,0.6,32.36425,-91.00686,703
34231,Pallid,11/13/2014,,TV,1,444,3.4,12.9,15,15.5,4.72,1.3,32.35928,-91.0063,710
33290,Pallid,11/13/2014,13:44,TV,2,445,3.4,12.8,15,14,4.43,1.2,32.37271,-91.00484,803
33288,Pallid,11/13/2014,13:12,TV,1,446,3.4,12.8,15,16,5.54,1.5,32.39249,-90.99279,773
33289,Pallid,11/13/2014,13:30,TV,1,445,3.4,13,15,22,6.06,1.7,32.38453,-90.99618,760
33291,Pallid,11/13/2014,12:08,TV,1,452,3.4,12.9,15,19,5.44,1.5,32.44185,-91.07066,765
33307,Pallid,11/13/2014,10:47,TV,2,458,3.4,12.8,15,11.7,4.3,1.2,32.51055,-91.11286,802
34887,Pallid,11/13/2014,10:47,TV,2,458,3.4,12.8,15,11.7,4.3,1.2,32.51055,-91.11286,906
46956,Pallid,11/13/2014,10:47,TV,2,458,3.4,12.8,15,11.7,4.3,1.2,32.51055,-91.11286,678
34896,Pallid,11/13/2014,10:47,TV,2,458,3.4,12.8,15,11.7,4.3,1.2,32.51055,-91.11286,696
27812,Pallid,11/13/2014,16:28,TV,1,436,3.4,12.9,15,26,5.74,1.6,32.32142,-90.90125,772
27826,Pallid,11/14/2014,8:40,TV,5,435,3.3,12.5,15,6.4,2.1,0.6,32.30036,-90.91358,698
27821,Pallid,12/19/2014,11:54,CP,1,566,5.8,7.3,8.3,15.8,3.4,0.9,33.65259,-91.17397,695
27819,Pallid,12/19/2014,11:54,CP,1,566,5.8,7.3,8.3,15.8,3.4,0.9,33.65259,-91.17397,748
27294,Pallid,12/19/2014,10:26,CP,1,572,5.8,7.6,8.3,19.9,4.18,1.2,33.70295,-91.20788,787
65253,Pallid,12/19/2014,10:48,CP,1,571,5.8,7.5,8.3,22.3,6.23,1.7,33.69687,-91.22257,710
27335,Pallid,12/19/2014,9:56,CP,1,575,5.8,7.5,8.3,14.7,5,1.4,33.70347,-91.19098,740
34213,Pallid,12/19/2014,9:50,CP,5,574,5.8,7.5,8.3,8.6,3.9,1.1,33.70538,-91.15786,734
34259,Pallid,12/19/2014,10:47,CP,5,570,5.8,7.5,8.3,10.5,3,0.8,33.69667,-91.22511,813
27815,Pallid,12/19/2014,11:32,CP,4,566,5.8,7.5,8.3,3.9,1.2,0.3,33.65665,-91.18763,724
33289,Pallid,12/20/2014,13:43,TV,1,444,6.9,7.8,8.3,22,2.5,0.7,32.36379,-91.00791,760
27802,Pallid,12/20/2014,13:43,TV,1,444,6.9,7.8,8.3,22,2.5,0.7,32.36379,-91.00791,695
34231,Pallid,12/20/2014,13:56,TV,5,444,6.9,7.7,8.3,10.2,,,32.35508,-91.00288,710
45186,Pallid,12/20/2014,9:35,TV,1,462,6.9,7.4,8.3,11,5,1.4,32.56537,-91.10153,683
46956,Pallid,12/20/2014,9:23,TV,3,464,6.9,7.4,8.3,10.2,5.4,1.5,32.57862,-91.1153,678
27812,Pallid,12/20/2014,15:15,TV,1,436,6.9,7.7,8.3,38.5,7.5,2.1,32.31997,-90.90034,772
34936,Pallid,12/20/2014,14:12,TV,2,442,6.9,7.4,8.3,14.4,2.2,0.6,32.35114,-90.97944,783
33289,Pallid,12/20/2014,13:34,TV,1,444,6.9,7.4,8.3,,,,32.36995,-91.00329,760
27785,Pallid,12/20/2014,11:17,TV,2,456,6.9,7.4,8.3,6.7,3.5,1.0,32.47385,-91.10668,690
34887,Pallid,12/20/2014,11:17,TV,2,456,6.9,7.4,8.3,6.7,3.5,1.0,32.47385,-91.10668,906
27815,Pallid,1/21/2015,13:12,CP,4,566,4.1,4.3,3.9,9.9,1,0.3,33.65726,-91.18928,724
27818,Pallid,1/21/2015,12:54,CP,4,567,4.1,4.5,3.9,8.2,1.5,0.4,33.65838,-91.19785,740
34213,Pallid,1/21/2015,10:43,CP,5,575,4.1,4,3.9,6.1,2.6,0.7,33.70547,-91.1581,734
34259,Pallid,1/21/2015,12:05,CP,5,570,4.1,4.1,3.9,11,4.7,1.3,33.69625,-91.22541,813
27294,Pallid,1/21/2015,11:45,CP,1,572,4.1,4.1,3.9,18.5,3.85,1.1,33.7009,-91.21512,787
65256,Pallid,1/21/2015,11:45,CP,1,572,4.1,4.1,3.9,18.5,3.85,1.1,33.7009,-91.21512,723
27810,Pallid,1/21/2015,11:26,CP,4,572,4.1,4.3,3.9,14.5,2.3,0.6,33.70404,-91.2003,707
34217,Pallid,1/21/2015,9:48,CP,1,580,4.1,3.9,3.9,15.6,5.26,1.5,33.77402,-91.10649,738
27335,Pallid,1/21/2015,10:48,CP,2,575,4.1,4,3.9,10.3,3.35,0.9,33.70396,-91.17678,740
27822,Pallid,1/21/2015,13:31,CP,4,565,4.1,4.1,3.9,7.3,0,0.0,33.6427,-91.1706,690
33288,Pallid,1/23/2015,11:56,TV,1,451,5.1,4.4,3.9,10.2,5.3,1.5,33.43759,-91.04792,773
27769,Pallid,1/23/2015,9:11,TV,3,464,5.1,4.4,3.9,7,4,1.1,32.59181,-91.12938,707
27782,Pallid,1/23/2015,9:30,TV,4,463,5.1,4.4,3.9,9.4,2.2,0.6,32.57599,-91.11051,694
46956,Pallid,1/23/2015,10:18,TV,3,457,5.1,4.4,3.9,17.3,2.2,0.6,32.50085,-91.11001,678
45187,Pallid,1/23/2015,11:36,TV,5,452,5.1,4.2,3.9,16.8,6.2,1.7,32.44153,-91.07219,751
33291,Pallid,1/23/2015,12:45,TV,2,446,5.1,4.2,3.9,16.7,5,1.4,32.3932,-90.99308,765
33290,Pallid,1/23/2015,12:45,TV,2,446,5.1,4.2,3.9,16.7,5,1.4,32.3932,-90.99308,803
27796,Pallid,1/23/2015,13:09,TV,1,444,5.1,4.2,3.9,35.4,4.6,1.3,32.36294,-91.00609,703
27762,Pallid,1/23/2015,9:31,TV,2,461,5.1,4.2,3.9,9.9,6.55,1.8,32.55078,-91.09839,910
46956,Pallid,1/23/2015,10:20,TV,4,457,5.1,4.2,3.9,11.3,,,32.49835,-91.11743,678
27765,Pallid,1/23/2015,10:20,TV,4,457,5.1,4.2,3.9,11.3,,,32.49835,-91.11743,776
27785,Pallid,1/23/2015,10:44,TV,3,456,5.1,4.1,3.9,8.1,5.5,1.5,32.48536,-91.11351,690
27812,Pallid,1/23/2015,15:07,TV,1,434,5.1,4.1,3.9,15.1,4.97,1.4,32.29968,-90.92015,772
27785,Pallid,2/12/2015,11:01,TV,1,456,4.5,5.9,5.6,13.1,,,32.47989,-91.11424,690
27769,Pallid,2/12/2015,8:56,TV,3,466,4.5,5.8,5.6,9.1,,,32.60106,-91.13807,707
34962,Pallid,2/12/2015,9:05,TV,3,465,4.5,5.8,5.6,7.1,,,32.59361,-91.13173,860
34936,Pallid,2/12/2015,14:33,TV,4,441,4.5,6.2,5.6,17.7,,,32.35055,-90.97819,783
27796,Pallid,2/12/2015,13:56,TV,1,443,4.5,6,5.6,11.3,,,32.36152,-91.00171,703
34231,Pallid,2/12/2015,13:56,TV,1,443,4.5,6,5.6,11.3,,,32.36152,-91.00171,710
27826,Pallid,2/12/2015,15:30,TV,1,435,4.5,6.4,5.6,27.8,,,32.31925,-90.90064,698
27802,Pallid,2/12/2015,13:50,TV,1,444,4.5,6,5.6,14.6,0.83,,32.36272,-91.00795,695
27835,Pallid,2/12/2015,14:29,TV,1,441,4.5,5.9,5.6,14.4,2.52,,32.34929,-90.96888,719
33290,Pallid,2/12/2015,13:15,TV,2,446,4.5,6.2,5.6,11.7,3,,32.38897,-90.99586,803
33291,Pallid,2/12/2015,13:15,TV,2,446,4.5,6.2,5.6,11.7,3,,32.38897,-90.99586,765
27796,Pallid,2/12/2015,13:43,TV,1,444,4.5,5.9,5.6,28.7,7.5,,32.36365,-91.00638,703
33288,Pallid,2/12/2015,11:36,TV,1,454,4.5,5.8,5.6,19.6,5,,32.45007,-91.08936,773
45187,Pallid,2/12/2015,11:56,TV,5,452,4.5,5.7,5.6,17.9,2.2,,32.44027,-91.07035,751
27765,Pallid,2/12/2015,10:42,TV,5,457,4.5,5.8,5.6,8.3,3.85,,32.48974,-91.12022,776
34887,Pallid,2/12/2015,11:19,TV,1,455,4.5,5.7,5.6,18.9,6.12,,32.46757,-91.1045,906
48392,Pallid,2/12/2015,9:34,TV,1,462,4.5,5.8,5.6,10.4,7.42,,32.55642,-91.09902,774
45186,Pallid,2/12/2015,9:34,TV,1,462,4.5,5.8,5.6,10.4,7.42,,32.55642,-91.09902,683
27762,Pallid,2/12/2015,9:34,TV,1,462,4.5,5.8,5.6,10.4,7.42,,32.55642,-91.09902,910
34896,Pallid,2/12/2015,9:50,TV,2,461,4.5,5.8,5.6,7.6,2.45,,32.53932,-91.09868,696
46956,Pallid,2/12/2015,10:20,TV,4,458,4.5,5.7,5.6,15.6,2.92,,32.5068,-91.11483,678
27810,Pallid,3/1/2015,10:22,CP,1,571,5.1,2,3.3,20.9,7.2,,33.70004,-91.19934,707
27327,Pallid,3/1/2015,8:51,CP,3,579,5.1,2,3.3,6,2,,33.76359,-91.11085,756
27294,Pallid,3/1/2015,10:38,CP,1,572,5.1,2.3,3.3,12,4.3,,33.70428,-91.20063,787
65256,Pallid,3/1/2015,10:57,CP,5,571,5.1,2.3,3.3,10,3.2,,33.70101,-91.21641,723
27821,Pallid,3/1/2015,11:44,CP,1,566,5.1,2,3.3,16.6,2.12,,33.64945,-91.1824,695
27335,Pallid,3/19/2015,10:17,CP,5,571,10.2,8.9,8.9,12.1,0,,33.70172,-91.21535,740
65256,Pallid,3/19/2015,10:17,CP,5,571,10.2,8.9,8.9,12.1,0,,33.70172,-91.21535,723
27810,Pallid,3/19/2015,9:52,CP,1,572,10.2,8.6,8.9,22,6.62,,33.70324,-91.20108,707
34896,Pallid,3/30/2015,11:33,TV,2,460,12.5,11.3,12.2,17.6,5.6,,32.5202,-91.10717,696
34928,Pallid,3/30/2015,15:54,TV,3,432,12.5,11.5,12.2,16.5,6.2,,32.28246,-90.95011,967
27796,Pallid,3/30/2015,15:16,TV,4,441,12.5,11.6,12.2,18.4,2.2,,32.35016,-90.96851,703
34962,Pallid,3/30/2015,13:23,TV,2,453,12.5,11.5,12.2,9.4,3.5,,32.45134,-91.07446,860
45187,Pallid,3/30/2015,13:36,TV,2,452,12.5,11.5,12.2,8,4.2,,32.4478,-91.06758,751
34887,Pallid,3/30/2015,13:05,TV,2,453,12.5,11.4,12.2,16.4,4.3,,32.45485,-91.08457,906
27802,Pallid,4/20/2015,16:23,TV,4,441,11.8,18.5,16.1,10.7,1.7,,32.35084,-90.9586,695
34231,Pallid,4/20/2015,15:48,TV,2,443,11.8,17.4,16.1,9.6,5.6,,32.35882,-90.99764,710
33290,Pallid,4/20/2015,14:53,TV,3,449,11.8,17.4,16.1,14.6,3.3,,32.42906,-91.0114,803
27782,Pallid,4/20/2015,11:26,TV,1,463,11.8,17.3,16.1,15.1,5.6,,32.57308,-91.10783,694
45187,Pallid,4/20/2015,13:33,TV,2,453,11.8,17.4,16.1,11.8,5.3,,32.45165,-91.0786,751
46956,Pallid,4/20/2015,12:33,TV,5,457,11.8,17.4,16.1,12.9,1.7,,32.49303,-91.12002,678
27765,Pallid,4/20/2015,12:33,TV,5,457,11.8,17.4,16.1,12.9,1.7,,32.49303,-91.12002,776
33291,Pallid,4/20/2015,14:35,TV,3,450,11.8,17.3,16.1,14.5,4.1,,32.43702,-91.03213,765
45186,Pallid,4/20/2015,11:23,TV,2,462,11.8,17.2,16.1,11.3,5,,32.56122,-91.10743,683
27762,Pallid,4/20/2015,11:23,TV,2,462,11.8,17.2,16.1,11.3,5,,32.56122,-91.10743,910
27327,Pallid,4/21/2015,9:51,CP,5,579,10.4,18.2,17.2,17.7,3.5,,33.76262,-91.13319,756
27335,Pallid,4/21/2015,11:05,CP,2,573,10.4,17.8,17.2,10.4,3.5,,33.70496,-91.19011,740
34231,Pallid,5/27/2015,17:59,TV,4,440,9.5,22.5,17.8,14.8,3.9,,32.34961,-90.95414,710
33290,Pallid,5/27/2015,15:49,TV,3,450,9.5,22.4,17.8,11.2,5.1,,32.4353,-91.02881,803
33291,Pallid,5/27/2015,15:49,TV,3,450,9.5,22.4,17.8,11.2,5.1,,32.4353,-91.02881,765
34231,Pallid,5/27/2015,17:10,TV,2,443,9.5,22.4,17.8,9.7,4.1,,32.35925,-90.99868,710
27782,Pallid,5/27/2015,12:40,TV,3,464,9.5,22.3,17.8,12.2,6,,32.57895,-91.11487,694
46956,Pallid,5/27/2015,13:38,TV,6,460,9.5,22.4,17.8,8.5,5.2,,32.53408,-91.10972,678
45187,Pallid,5/27/2015,15:19,TV,2,453,9.5,22.5,17.8,12.4,4.6,,32.45349,-91.08286,751
33289,Pallid,5/27/2015,16:49,TV,2,445,9.5,22.5,17.8,7.8,2.4,,32.38266,-91.00173,760
27812,Pallid,5/27/2015,19:04,TV,3,432,9.5,22.4,17.8,13.4,4.7,,32.28367,-90.94797,772
48392,Pallid,5/27/2015,12:56,TV,3,462,9.5,22.4,17.8,15.7,,,32.56421,-91.10829,774
45186,Pallid,5/27/2015,12:56,TV,3,462,9.5,22.4,17.8,15.7,,,32.56421,-91.10829,683
34887,Pallid,5/27/2015,13:29,TV,2,460,9.5,22.5,17.8,2.5,1.2,,32.5265,-91.105,906
34896,Pallid,5/27/2015,13:29,TV,2,460,9.5,22.5,17.8,2.5,1.2,,32.5265,-91.105,696
27815,Pallid,5/29/2015,11:12,CP,4,566,8.0,22.2,17.8,6.4,1.5,,33.65607,-91.18456,724
27294,Pallid,5/29/2015,9:05,CP,5,572,8.0,22.2,17.8,17.3,3.6,,33.70349,-91.20605,787
27810,Pallid,5/29/2015,9:19,CP,5,571,8.0,22.2,17.8,11.1,2.8,,33.70188,-91.21506,707
34259,Pallid,5/29/2015,10:00,CP,5,571,8.0,22.2,17.8,14.4,3.3,,33.69516,-91.22654,813
10212,Pallid,3/11/2009,15:40,CP,2,570,6.1,9.5,9.5,9.1,3.8,1.1,33.68944,-91.2196138,868
10221,Pallid,4/17/2009,,CP,2,572,9.4,11.7,11.7,4.8,2.4,0.7,33.708005,-91.1591667,871
10218,Pallid,4/17/2009,,CP,6,576,9.4,11.7,11.7,8.7,3.4,0.9,33.726267,-91.1440333,686
54691,Pallid,4/17/2009,,CP,2,576,9.4,11.7,11.7,9,2.4,0.7,33.725667,-91.1390833,879
10217,Pallid,5/6/2009,,CP,7,560,10.0,18.8,18.8,.,.,.,33.57246,-91.17215,856
54694,Pallid,5/6/2009,,CP,7,560,10.0,18.7,18.7,.,.,.,33.57188,-91.16696,709
10224,Pallid,5/6/2009,,CP,6,562,10.0,18.7,18.7,6.7,2.9,0.8,33.62023,-91.15624,761
54689,Pallid,5/6/2009,14:19,CP,5,562,10.0,18.8,18.8,7.1,4.1,1.1,33.591771,-91.1420484,758
54692,Pallid,5/6/2009,14:19,CP,5,562,10.0,18.8,18.8,6.9,4.1,1.1,33.590882,-91.1446427,756
10218,Pallid,6/2/2009,14:30,CP,6,571,11.6,24.1,24.1,1.6,1,0.3,33.725221,-91.1395547,686
10217,Pallid,6/3/2009,,CP,6,562,11.2,24.2,24.2,9.8,3,0.8,33.63564,-91.16345,856
54690,Pallid,6/3/2009,,CP,6,562,11.2,24.2,24.2,6.8,4.3,1.2,33.62982,-91.15821,935
54687,Pallid,6/3/2009,,CP,2,567,11.2,24.2,24.2,6.8,1.9,0.5,33.66312,-91.21369,773
10222,Pallid,6/3/2009,,CP,2,569,11.2,24.3,24.3,5.6,1.9,0.5,33.7093,-91.17992,790
10221,Pallid,6/4/2009,12:17,CP,6,569,10.8,27.9,27.9,8.1,2.27,0.6,33.62819,-91.15973,871
54690,Pallid,6/4/2009,12:33,CP,1,569,10.8,27.8,27.8,6.1,2.37,0.7,33.626678,-91.1604,935
54690,Pallid,6/29/2009,8:35,CP,2,569,8.2,27.3,27.3,3.8,2,0.6,33.707797,-91.161883,935
54689,Pallid,6/29/2009,13:30,CP,2,570,8.2,30.1,30.1,2.9,2.8,0.8,33.67421,-91.2202,758
10224,Pallid,6/29/2009,16:00,CP,6,574,8.2,29.7,29.7,8.6,2.6,0.7,33.672208,-91.205618,761
54687,Pallid,6/30/2009,9:57,CP,2,573,7.9,29.1,29.1,8.2,2.5,0.7,33.70536,-91.18898,773
10218,Pallid,6/30/2009,11:01,CP,6,576,7.9,28.9,28.9,6.8,1.4,0.4,33.72533,-91.13966,686
54692,Pallid,7/1/2009,11:04,CP,2,561,7.6,29.3,29.3,5.9,3.6,1.0,33.6093,-91.13678,756
54690,Pallid,7/1/2009,13:15,CP,6,579,7.6,28.3,28.3,6.6,2.3,0.6,33.699169,-91.1922903,935
54692,Pallid,7/29/2009,15:30,CP,2,563,4.2,26.8,26.8,4.5,3.6,1.0,33.607283,-91.13605,756
10211,Pallid,7/29/2009,11:54,CP,5,565,4.2,26.5,26.5,12.5,3.7,1.0,33.653983,-91.1768833,853
54689,Pallid,7/29/2009,10:15,CP,3,570,4.2,29.6,29.6,5.4,2.8,0.8,33.6869,-91.2201833,758
10222,Pallid,7/30/2009,18:35,CP,5,571,4.2,27,27,18.1,2,0.6,33.702,-91.2117,790
54691,Pallid,7/30/2009,14:33,CP,3,578,4.2,26.7,26.7,3.8,3.9,1.1,33.759333,-91.1283333,879
10208,Pallid,8/6/2009,13:23,CP,2,555,5.6,28.5,28.5,2.8,2.9,0.8,33.552833,-91.2288667,721
10212,Pallid,9/9/2009,18:05,CP,2,567,3.7,26.3,26.3,19.7,3.4,0.9,33.655967,-91.1890333,868
54687,Pallid,9/9/2009,16:30,CP,3,570,3.7,26.7,26.7,8.3,3.3,0.9,33.69505,-91.2129167,773
54689,Pallid,9/9/2009,16:30,CP,3,570,3.7,26.7,26.7,8.3,3.3,0.9,33.69505,-91.2129167,758
54690,Pallid,9/10/2009,14:25,CP,6,561,3.5,26.3,26.3,4.8,4.4,1.2,33.627083,-91.16065,935
54692,Pallid,9/10/2009,16:02,CP,2,561,3.5,26.3,26.3,2.6,1.4,0.4,33.597583,-91.1514167,756
10224,Pallid,9/10/2009,13:14,CP,6,562,3.5,26.2,26.2,2.3,2.7,0.8,33.63645,-91.1529333,761
10222,Pallid,9/11/2009,16:39,CP,3,580,3.3,25.8,25.8,2.6,3.2,0.9,33.79695,-91.0459,790
10221,Pallid,9/12/2009,16:28,CP,3,578,3.2,25.8,25.8,4.4,3.2,0.9,33.763717,-91.1148833,871
54688,Pallid,9/12/2009,16:00,CP,3,578,3.2,25.6,25.6,4.6,1.8,0.5,33.76525,-91.1154333,0
54691,Pallid,9/12/2009,16:08,CP,1,578,3.2,25.6,25.6,10.5,4,1.1,33.766733,-91.1183167,879
54687,Pallid,10/4/2009,11:42,CP,5,570,5.7,21.7,21.7,5.4,2.31,0.6,33.696567,-91.22555,773
54689,Pallid,10/4/2009,11:15,CP,5,572,5.7,22.9,22.9,22.1,4.7,1.3,33.699733,-91.21785,758
10224,Pallid,10/5/2009,12:10,CP,1,566,5.7,21.7,21.7,20.4,4.3,1.2,33.646017,-91.1656833,761
10212,Pallid,10/5/2009,11:43,CP,6,567,5.7,21.7,21.7,5.7,2.9,0.8,33.66,-91.194,868
10221,Pallid,10/5/2009,17:32,CP,3,580,5.7,21.6,21.6,6,2.5,0.7,33.762817,-91.1157333,871
10211,Pallid,11/13/2009,11:30,CP,7,563,9.9,14.5,14.5,14.3,5.6,1.6,33.570617,-91.1723667,853
10221,Pallid,11/13/2009,10:20,CP,3,566,9.9,14.5,14.5,7.6,4,1.1,33.6316,-91.1594333,871
54692,Pallid,12/9/2009,14:35,CP,7,567,5.9,8.9,8.9,14.7,5.7,1.6,33.65815,-91.1978833,756
54695,Pallid,12/9/2009,14:38,CP,7,567,5.9,9,9,8.4,3.3,0.9,33.65765,-91.1923,830
54712,Pallid,12/9/2009,14:43,CP,7,567,5.9,9,9,12.4,3.2,0.9,33.657283,-91.1916167,871
54713,Pallid,12/9/2009,14:50,CP,6,567,5.9,9,9,4.1,0.8,0.2,33.657283,-91.1899,920
10212,Pallid,12/9/2009,12:40,CP,1,570,5.9,8.9,8.9,9.5,3.7,1.0,33.69395,-91.2139,868
54711,Pallid,12/9/2009,11:06,CP,7,576,5.9,8.9,8.9,3.8,1.9,0.5,33.7174,-91.1474833,730
10208,Pallid,12/10/2009,10:00,CP,7,558,6.2,8.6,8.6,5.3,2.4,0.7,33.577117,-91.1617167,721
10201,Pallid,12/10/2009,8:46,CP,2,559,6.2,8.6,8.6,12.3,2.9,0.8,33.579583,-91.1555,725
10211,Pallid,12/10/2009,9:40,CP,2,559,6.2,8.6,8.6,12.2,4.2,1.2,33.579767,-91.15485,853
10224,Pallid,12/10/2009,14:01,CP,6,560,6.2,8.6,8.6,3.8,3.6,1.0,33.625,-91.1623,761
10221,Pallid,12/10/2009,8:46,CP,3,566,6.2,8.6,8.6,16.1,3.7,1.0,33.648683,-91.1802667,871
10208,Pallid,1/21/2010,16:16,CP,7,559,4.7,4,4,6.4,1,0.3,33.576611,-91.1624167,721
10224,Pallid,1/21/2010,13:00,CP,6,564,4.7,4.4,4.4,20.1,1.1,0.3,33.69701,-91.2085,761
54690,Pallid,1/21/2010,13:00,CP,6,564,4.7,4.4,4.4,20.1,1.1,0.3,33.6276,-91.16067,935
54712,Pallid,1/21/2010,12:47,CP,3,564,4.7,5.2,5.2,16.2,0.1,0.0,33.644106,-91.1728389,871
54700,Pallid,1/21/2010,12:20,CP,7,567,4.7,4.1,4.1,9,1.2,0.3,33.65804,-91.19389,812
54695,Pallid,1/21/2010,12:10,CP,2,568,4.7,4.2,4.2,4.3,3.4,0.9,33.65915,-91.20357,830
54713,Pallid,1/21/2010,12:20,CP,2,568,4.7,4.2,4.2,15,3.7,1.0,33.65805,-91.19756,920
10212,Pallid,1/21/2010,11:20,CP,3,572,4.7,4.1,4.1,12.2,2.5,0.7,33.69701,-91.2085,868
54687,Pallid,1/22/2010,9:02,CP,3,580,5.1,4.4,4.4,3.1,2.9,0.8,33.758417,-91.1221667,773
10221,Pallid,2/19/2010,15:10,CP,6,560,9.6,4.2,4.2,9.2,5.61,1.6,33.581325,-91.165248,871
54706,Pallid,2/19/2010,14:51,CP,6,560,9.6,4.4,4.4,8.1,4.43,1.2,33.5845,-91.164,907
10208,Pallid,2/19/2010,14:40,CP,6,563,9.6,4.4,4.4,13.4,2.61,0.7,33.602537,-91.161081,721
10224,Pallid,2/19/2010,14:39,CP,6,563,9.6,4.4,4.4,13.9,2.56,0.7,33.602583,-91.158108,761
10212,Pallid,2/19/2010,11:02,CP,5,566,9.6,4.2,4.2,18.7,3.2,0.9,33.652,-91.1702333,868
54695,Pallid,2/19/2010,10:06,CP,7,570,9.6,4.2,4.2,8.1,3.4,0.9,33.654588,-91.192062,830
54713,Pallid,3/4/2010,14:34,CP,2,568,7.2,5.1,5.1,4.1,4,1.1,33.66,-91.205,920
10212,Pallid,3/4/2010,14:30,CP,1,570,7.2,18.9,18.9,18.3,6.5,1.8,33.682615,-91.2309943,868
65256,Pallid,3/4/2010,13:15,CP,2,574,7.2,6.2,6.2,15,2.4,0.7,33.704276,-91.1998653,723
65253,Pallid,3/4/2010,13:50,CP,1,576,7.2,6.1,6.1,20.1,4.61,1.3,33.656685,-91.208683,710
65257,Pallid,3/4/2010,13:00,CP,2,576,7.2,6.2,6.2,6.2,2.2,0.6,33.713895,-91.1617792,763
10201,Pallid,3/5/2010,15:00,CP,4,555,7.1,5.9,5.9,14,4,1.1,33.573208,-91.2014387,725
54697,Pallid,3/5/2010,15:15,CP,4,555,7.1,5.9,5.9,17.4,3.28,0.9,33.57376,-91.1984646,692
54706,Pallid,3/5/2010,10:42,CP,6,561,7.1,5.6,5.6,7.8,3.9,1.1,33.604417,-91.1612833,907
10224,Pallid,3/5/2010,10:29,CP,3,564,7.1,5.7,5.7,12,2.6,0.7,33.627133,-91.16075,761
54695,Pallid,3/5/2010,9:00,CP,7,567,7.1,5.1,5.1,10,0.5,0.1,33.65925,-91.2032139,830
54700,Pallid,3/5/2010,9:11,CP,7,567,7.1,5,5,4.9,1.3,0.4,33.658725,-91.2002945,812
10221,Pallid,4/21/2010,17:41,CP,6,565,7.4,18.7,18.7,4.1,2.8,0.8,33.632367,-91.1590333,871
54700,Pallid,4/21/2010,16:37,CP,4,566,7.4,18.6,18.6,9.4,0.4,0.1,33.655783,-91.1831667,812
54701,Pallid,4/21/2010,17:20,CP,1,566,7.4,18.7,18.7,23.5,5.1,1.4,33.651433,-91.1856,822
54712,Pallid,4/21/2010,17:28,CP,3,566,7.4,18.7,18.7,16.8,3.2,0.9,33.644,-91.1721667,871
54695,Pallid,4/21/2010,16:54,CP,1,567,7.4,18.6,18.6,17.5,2.4,0.7,33.652483,-91.1726,830
54713,Pallid,4/21/2010,16:20,CP,2,569,7.4,18.5,18.5,5.1,3.1,0.9,33.659467,-91.2029,920
10208,Pallid,4/21/2010,15:44,CP,5,573,7.4,18.4,18.4,17.3,5.5,1.5,33.6996,-91.2000167,721
10224,Pallid,4/22/2010,12:00,CP,7,559,7.1,18.8,18.8,13.1,2.1,0.6,33.5761,-91.1671833,761
54707,Pallid,4/22/2010,10:50,CP,2,560,7.1,18.7,18.7,4.9,3.6,1.0,33.5953,-91.1392667,623
10212,Pallid,4/22/2010,12:22,CP,6,561,7.1,18.8,18.8,4.8,2.5,0.7,33.59545,-91.1616167,868
54692,Pallid,4/22/2010,15:16,CP,4,579,7.1,20.6,20.6,3.8,3.1,0.9,33.771217,-91.1182333,756
54687,Pallid,4/22/2010,14:45,CP,4,580,7.1,18.7,18.7,7.6,2.3,0.6,33.775467,-91.1063833,773
54689,Pallid,4/22/2010,14:47,CP,4,580,7.1,18.9,18.9,7.4,2.2,0.6,33.775467,-91.1063833,758
10224,Pallid,5/24/2010,18:08,CP,6,562,11.3,21.4,21.4,10.8,2,0.6,33.623018,-91.156318,761
54689,Pallid,5/24/2010,16:43,CP,5,579,11.3,21.4,21.4,26.4,3.1,0.9,33.70035,-91.2163833,758
10208,Pallid,5/25/2010,8:25,CP,2,561,11.2,21.1,21.1,7.3,2,0.6,33.58125,-91.15375,721
54687,Pallid,6/7/2010,16:26,CP,4,580,8.4,27.2,27.2,13,2.85,0.8,33.772556,-91.1135833,773
10201,Pallid,6/9/2010,16:21,CP,4,555,7.3,27.5,27.5,16.6,3.8,1.1,33.5713,-91.20305,725
10212,Pallid,6/9/2010,16:14,CP,4,555,7.3,27.5,27.5,5.6,4.07,1.1,33.571217,-91.1877833,868
54695,Pallid,6/9/2010,16:16,CP,4,557,7.3,27.5,27.5,5.9,4.07,1.1,33.571367,-91.18845,830
54697,Pallid,6/9/2010,16:09,CP,4,557,7.3,27.5,27.5,5.3,2.8,0.8,33.570667,-91.1847833,692
65250,Pallid,6/9/2010,15:55,CP,2,560,7.3,27.6,27.6,8.5,1.2,0.3,33.576833,-91.1538167,745
10224,Pallid,6/9/2010,14:50,CP,6,562,7.3,27.4,27.4,7.3,2.02,0.6,33.6018,-91.1576333,761
54690,Pallid,6/9/2010,14:32,CP,3,564,7.3,27.4,27.4,17.1,2.3,0.6,33.622967,-91.1561333,935
54689,Pallid,6/9/2010,12:26,CP,4,573,7.3,27.6,27.6,10,1.8,0.5,33.700583,-91.2170833,758
65260,Pallid,6/9/2010,12:14,CP,1,573,7.3,27.5,27.5,10.6,2.66,0.7,33.701317,-91.20735,735
48378,Pallid,6/10/2010,11:20,CP,3,579,7.3,27.2,27.2,5.7,1.9,0.5,33.758567,-91.1188333,791
65250,Pallid,7/27/2010,15:03,CP,2,559,7.4,30.9,30.9,8,2.95,0.8,33.578935,-91.1573958,745
10208,Pallid,7/27/2010,14:30,CP,3,562,7.4,30.5,30.5,7,6.01,1.7,33.616967,-91.1384898,721
54705,Pallid,7/27/2010,13:31,CP,2,570,7.4,30.4,30.4,3.6,2.67,0.7,33.6749,-91.2231169,612
65260,Pallid,7/27/2010,12:55,CP,1,570,7.4,30.7,30.7,13.3,2.6,0.7,33.676063,-91.218882,735
10212,Pallid,7/27/2010,12:56,CP,1,571,7.4,30.6,30.6,13.1,2.7,0.8,33.687568,-91.220292,868
54689,Pallid,7/27/2010,,CP,1,572,7.4,30.9,30.9,22.1,1.94,0.5,33.674798,-91.22375,758
48385,Pallid,7/28/2010,8:38,CP,6,562,7.5,30.3,30.3,8.1,3.1,0.9,33.6035,-91.1613333,753
54697,Pallid,7/28/2010,8:38,CP,6,562,7.5,30.3,30.3,7.9,2.9,0.8,33.6038,-91.1614333,692
10221,Pallid,7/28/2010,14:01,CP,2,578,7.5,30.2,30.2,4.8,2.6,0.7,33.749717,-91.1353333,871
54687,Pallid,7/28/2010,12:12,CP,4,580,7.5,30.2,30.2,11,1.6,0.4,33.774933,-91.108,773
54712,Pallid,8/11/2010,14:00,CP,2,566,6.4,31.3,31.3,13.8,.,.,33.6117,-91.1755667,871
54689,Pallid,8/11/2010,13:26,CP,5,570,6.4,31.4,31.4,23.7,6.4,1.8,33.6986,-91.2195167,758
10212,Pallid,8/11/2010,13:23,CP,4,572,6.4,31.6,31.6,22.4,6.9,1.9,33.702283,-91.2083333,868
10221,Pallid,8/11/2010,12:43,CP,2,578,6.4,32.4,32.4,7.8,2.6,0.7,33.753462,-91.123005,871
54687,Pallid,8/11/2010,11:03,CP,4,580,6.4,31.9,31.9,11.1,3.5,1.0,33.77395,-91.1101333,773
48385,Pallid,8/12/2010,8:49,CP,6,562,6.3,31.3,31.3,4.2,2.3,0.6,33.604967,-91.1619667,753
54697,Pallid,8/12/2010,8:50,CP,6,562,6.3,31.3,31.3,4.3,2.3,0.6,33.604833,-91.1618333,692
65250,Pallid,9/15/2010,9:23,CP,2,559,3.8,26,26,6.4,2.7,0.8,33.578283,-91.15845,745
54705,Pallid,9/15/2010,17:51,CP,2,563,3.8,26.9,26.9,4.6,3.3,0.9,33.624167,-91.142055,612
10208,Pallid,9/15/2010,17:35,CP,3,567,3.8,26.9,26.9,7.9,2.4,0.7,33.639972,-91.16386,721
54690,Pallid,9/15/2010,17:22,CP,5,567,3.8,27.1,27.1,11.8,2.3,0.6,33.64811,-91.178555,935
54712,Pallid,9/15/2010,17:22,CP,1,567,3.8,27,27,11.8,2.3,0.6,33.648113,-91.17855,871
10211,Pallid,9/15/2010,15:15,CP,5,571,3.8,26.5,26.5,9.7,3.2,0.9,33.6998,-91.2189,853
54689,Pallid,9/15/2010,14:41,CP,5,572,3.8,27,27,7.3,1.6,0.4,33.7022,-91.2124667,758
10221,Pallid,9/15/2010,12:06,CP,3,580,3.8,26.9,26.9,10,0,0.0,33.763194,-91.1137222,871
54697,Pallid,10/6/2010,14:37,CP,6,560,4.6,20.8,20.8,2.6,2.8,0.8,33.594667,-91.161867,692
54705,Pallid,10/6/2010,12:30,CP,1,565,4.6,20.6,20.6,17.9,5,1.4,33.643117,-91.162783,612
65260,Pallid,10/6/2010,12:20,CP,1,565,4.6,20.6,20.6,17,5,1.4,33.643433,-91.162783,735
10208,Pallid,10/6/2010,12:05,CP,1,566,4.6,20.5,20.5,20.4,4.6,1.3,33.6531,-91.1817,721
10211,Pallid,10/6/2010,12:10,CP,1,566,4.6,20.5,20.5,12.2,4.9,1.4,33.652067,-91.17485,853
54712,Pallid,10/6/2010,12:10,CP,1,566,4.6,20.5,20.5,14.1,4.6,1.3,33.652233,-91.1757,871
54689,Pallid,10/6/2010,16:20,CP,5,570,4.6,21,21,6.3,2.9,0.8,33.702083,-91.213533,758
54692,Pallid,11/13/2010,16:08,CP,4,580,2.3,13.5,13.5,9.3,2.3,0.6,33.774561,-91.103859,756
54697,Pallid,11/13/2010,16:12,CP,4,580,2.3,13.5,13.5,10.9,3.13,0.9,33.774048,-91.105663,692
54688,Pallid,11/13/2010,15:44,CP,4,581,2.3,13.6,13.6,8.2,2.3,0.6,33.776752,-91.08634,0
54712,Pallid,11/14/2010,10:49,CP,1,563,2.3,13.3,13.3,10.2,2.6,0.7,33.65815,-91.201933,871
10224,Pallid,11/14/2010,11:30,CP,1,564,2.3,13.3,13.3,17,3.9,1.1,33.641783,-91.158683,761
54697,Pallid,11/14/2010,11:15,CP,1,565,2.3,13.3,13.3,18.7,.,.,33.6487,-91.168533,692
10211,Pallid,11/14/2010,10:53,CP,4,568,2.3,13.3,13.3,13.1,2.77,0.8,33.657788,-91.199109,853
10208,Pallid,11/14/2010,10:26,CP,1,569,2.3,13.2,13.2,12.1,3.9,1.1,33.659683,-91.2139,721
48380,Pallid,11/14/2010,9:33,CP,4,571,2.3,13.5,13.5,11.5,2.48,0.7,33.703705,-91.202165,1013
54689,Pallid,11/14/2010,9:38,CP,4,571,2.3,13.6,13.6,13.6,2.3,0.6,33.702352,-91.210198,758
10221,Pallid,11/14/2010,8:55,CP,4,576,2.3,13.4,13.4,11.6,4.07,1.1,33.716843,-91.153871,871
65260,Pallid,11/14/2010,8:48,CP,1,576,2.3,13.4,13.4,15.1,5.72,1.6,33.71917,-91.151502,735
54705,Pallid,11/14/2010,8:08,CP,1,580,2.3,13.2,13.2,4.7,2.9,0.8,33.7665,-91.1158,612
10211,Pallid,3/17/2011,10:51,CP,7,559,11.0,9.1,9.1,13.6,0.6,0.2,33.57555,-91.166517,853
48386,Pallid,3/17/2011,10:45,CP,7,559,11.0,9,9,13.8,1.2,0.3,33.575983,-91.165,681
54687,Pallid,3/17/2011,10:39,CP,2,560,11.0,9,9,15,2.7,0.8,33.577,-91.1604,773
10208,Pallid,3/17/2011,11:17,CP,6,563,11.0,9.2,9.2,11.8,3.6,1.0,33.629833,-91.1598,721
10224,Pallid,3/17/2011,11:23,CP,6,563,11.0,9,9,12,3.7,1.0,33.62585,-91.15975,761
10201,Pallid,3/17/2011,10:06,CP,4,566,11.0,8.9,8.9,12,2.99,0.8,33.656806,-91.188,725
54712,Pallid,3/17/2011,10:18,CP,5,567,11.0,8.9,8.9,14,4.52,1.3,33.653833,-91.176417,871
65256,Pallid,3/17/2011,8:51,CP,1,571,11.0,9.2,9.2,14.3,0.9,0.3,33.70145,-91.215417,723
65260,Pallid,4/18/2011,12:40,CP,2,557,9.7,15.6,15.6,9.7,4.1,1.1,33.57293,-91.18386,735
54695,Pallid,4/18/2011,11:18,CP,7,559,9.7,15.5,15.5,12,2.81,0.8,33.57724,-91.16236,830
54712,Pallid,4/18/2011,10:21,CP,5,559,9.7,15.5,15.5,19.9,3.06,0.9,33.57724,-91.16236,871
10224,Pallid,4/18/2011,11:45,CP,6,563,9.7,15.5,15.5,12.5,4.8,1.3,33.6263,-91.15978,761
54690,Pallid,4/18/2011,10:20,CP,1,564,9.7,15.4,15.4,19.2,7,1.9,33.63113,-91.15154,935
10201,Pallid,4/18/2011,11:20,CP,2,568,9.7,15.5,15.5,11.8,2.7,0.8,33.57721,-91.16035,725
48386,Pallid,4/18/2011,11:22,CP,7,568,9.7,15.5,15.5,11.9,2.7,0.8,33.57671,-91.16269,681
65250,Pallid,4/18/2011,11:18,CP,2,568,9.7,15.5,15.5,11.9,2.7,0.8,33.57705,-91.16169,745
10221,Pallid,4/18/2011,9:06,CP,5,571,9.7,15.6,15.6,6.3,0.5,0.1,33.69923,-91.22146,871
10201,Pallid,6/26/2011,10:14,CP,,556,8.8,26.1,26.1,11.7,3.2,0.9,33.57332,-91.21661,725
65250,Pallid,6/26/2011,8:55,CP,7,558,8.8,26.1,26.1,3.8,0.9,0.3,33.57687,-91.16254,745
48386,Pallid,6/26/2011,9:39,CP,6,559,8.8,26.1,26.1,8.2,4.2,1.2,33.59022,-91.16262,681
10208,Pallid,6/26/2011,9:23,CP,6,561,8.8,26,26,6.8,2.8,0.8,33.60503,-91.16185,721
54703,Pallid,6/26/2011,9:33,CP,6,561,8.8,26.1,26.1,9,3.2,0.9,33.59818,-91.16178,778
10211,Pallid,6/26/2011,9:16,CP,6,562,8.8,26,26,7.9,4.5,1.3,33.61501,-91.16254,853
54695,Pallid,6/26/2011,9:57,CP,4,557,8.8,26.3,26.3,5.9,1.6,0.4,33.57351,-91.18745,830
48386,Pallid,7/20/2011,16:10,CP,6,560,7.5,26.8,26.8,6.3,2.88,0.8,33.59248,-91.16289,681
10224,Pallid,7/20/2011,15:58,CP,6,562,7.5,26.8,26.8,8.2,2.99,0.8,33.60287,-91.16134,761
54697,Pallid,7/20/2011,15:09,CP,6,563,7.5,26.8,26.8,5.7,1.72,0.5,33.62613,-91.16261,692
54712,Pallid,7/20/2011,14:55,CP,1,564,7.5,26.8,26.8,24.2,6.72,1.9,33.64584,-91.16579,871
10211,Pallid,7/20/2011,14:17,CP,1,567,7.5,26.8,26.8,20.4,6.98,1.9,33.65695,-91.19875,853
54689,Pallid,7/20/2011,13:47,CP,1,570,7.5,26.8,26.8,19.2,4.32,1.2,33.691,-91.22147,758
10208,Pallid,7/21/2011,10:57,CP,3,564,7.3,26.8,26.8,4.7,,0.0,,,721
10222,Pallid,7/21/2011,,CP,5,579,7.3,26.8,26.8,8.8,,0.0,33.76855,-91.12544,790
10221,Pallid,7/21/2011,13:17,CP,3,581,7.3,26.8,26.8,9.5,4.21,1.2,33.76357,-91.11411,871
10224,Pallid,8/25/2011,15:35,CP,6,561,4.8,29.3,29.3,7.4,1.6,0.4,33.60772,91.16558,761
10208,Pallid,8/25/2011,13:59,CP,3,564,4.8,29,29,3.4,2,0.6,33.63532,-91.16093,721
54689,Pallid,8/25/2011,12:34,CP,5,569,4.8,28.9,28.9,15.1,3.5,1.0,33.69428,-91.22154,758
10222,Pallid,8/25/2011,11:17,CP,5,580,4.8,28.8,28.8,23.6,6.6,1.8,33.76214,-91.13307,790
10211,Pallid,8/26/2011,11:22,CP,4,566,4.7,29,29,11,4,1.1,33.65307,-91.17512,853
10208,Pallid,9/12/2011,14:13,CP,1,564,4.1,25.7,25.7,18.2,4.1,1.1,33.63702,-91.15711,721
10211,Pallid,9/12/2011,13:36,CP,1,564,4.1,25.3,25.3,15.9,2.05,0.6,33.64758,-91.17841,853
54689,Pallid,9/12/2011,11:25,CP,1,570,4.1,25.7,25.7,12.4,3.38,0.9,33.69259,-91.22264,758
65256,Pallid,9/12/2011,11:30,CP,1,572,4.1,25.7,25.7,,,,33.70018,-91.216,723
10222,Pallid,9/13/2011,12:21,CP,1,579,4.2,25.4,25.4,19.3,5.1,1.4,33.76128,-91.13309,790
54689,Pallid,10/6/2011,17:14,CP,5,572,3.6,21.1,21.1,11.7,2,0.6,33.7011,-91.21556,758
48386,Pallid,10/7/2011,16:07,CP,1,557,3.4,20.9,20.9,13.5,3.5,1.0,33.57194,-91.21237,681
54697,Pallid,10/7/2011,14:46,CP,1,558,3.4,21,21,10.2,3.2,0.9,33.57234,-91.17255,692
65260,Pallid,10/7/2011,16:20,CP,5,558,3.4,21.5,21.5,6,0.5,0.1,33.57309,-91.21886,735
10208,Pallid,10/7/2011,12:38,CP,4,564,3.4,20.8,20.8,15.6,0.3,0.1,33.64883,-91.18207,721
10211,Pallid,10/7/2011,10:37,CP,1,566,3.4,20.6,20.6,12.8,4.6,1.3,33.65127,-91.17659,853
34887,Pallid,12/13/2011,10:30,TV,4,453,11.2,8.3,8.3,11,4.2,1.2,32.45452,-91.08358,906
34893,Pallid,12/13/2011,9:56,TV,4,457,11.2,8.3,8.3,8.7,3.2,0.9,32.48688,-91.10928,867
34894,Pallid,12/13/2011,8:49,TV,4,461,11.2,8.3,8.3,10.2,3.28,0.9,32.55128,-91.11127,721
34895,Pallid,12/13/2011,8:49,TV,4,461,11.2,8.3,8.3,10.2,3.28,0.9,32.55128,-91.11127,892
